file_name,line_num
a.capaldo.csv,16471
a.capaldo.csv,16481
a.capaldo.csv,16492
c.pozzi.csv,2
c.pozzi.csv,3
c.pozzi.csv,5
c.pozzi.csv,6
c.pozzi.csv,124
c.pozzi.csv,190
c.pozzi.csv,636
c.pozzi.csv,654
c.pozzi.csv,685
c.pozzi.csv,705
c.pozzi.csv,744
c.pozzi.csv,774
c.pozzi.csv,799
c.pozzi.csv,859
c.pozzi.csv,860
c.pozzi.csv,1148
c.pozzi.csv,1149
c.pozzi.csv,1150
c.pozzi.csv,1151
c.pozzi.csv,1152
c.pozzi.csv,1168
c.pozzi.csv,1169
c.pozzi.csv,1170
c.pozzi.csv,1171
c.pozzi.csv,1172
c.pozzi.csv,1207
c.pozzi.csv,1208
c.pozzi.csv,1209
c.pozzi.csv,1210
c.pozzi.csv,1211
c.pozzi.csv,1212
c.pozzi.csv,1213
c.pozzi.csv,1214
c.pozzi.csv,1215
c.pozzi.csv,1216
c.pozzi.csv,1241
c.pozzi.csv,1242
c.pozzi.csv,1243
c.pozzi.csv,1244
c.pozzi.csv,1245
c.pozzi.csv,1246
c.pozzi.csv,1247
c.pozzi.csv,1248
c.pozzi.csv,1249
c.pozzi.csv,1250
c.pozzi.csv,1251
c.pozzi.csv,1252
c.pozzi.csv,1253
c.pozzi.csv,1254
c.pozzi.csv,1255
c.pozzi.csv,1271
c.pozzi.csv,1272
c.pozzi.csv,1273
c.pozzi.csv,1274
c.pozzi.csv,1275
c.pozzi.csv,1299
c.pozzi.csv,1306
c.pozzi.csv,1307
c.pozzi.csv,1308
c.pozzi.csv,1309
c.pozzi.csv,1328
c.pozzi.csv,1329
c.pozzi.csv,1330
c.pozzi.csv,1331
c.pozzi.csv,1332
c.pozzi.csv,1342
c.pozzi.csv,1343
c.pozzi.csv,1344
c.pozzi.csv,1345
c.pozzi.csv,1346
c.pozzi.csv,1387
c.pozzi.csv,1388
c.pozzi.csv,1389
c.pozzi.csv,1390
c.pozzi.csv,1391
c.pozzi.csv,1392
c.pozzi.csv,1393
c.pozzi.csv,1394
c.pozzi.csv,1395
c.pozzi.csv,1396
c.pozzi.csv,1397
c.pozzi.csv,1398
c.pozzi.csv,1399
c.pozzi.csv,1400
c.pozzi.csv,1401
c.pozzi.csv,1409
c.pozzi.csv,1410
c.pozzi.csv,1411
c.pozzi.csv,1412
c.pozzi.csv,1413
c.pozzi.csv,1424
c.pozzi.csv,1425
c.pozzi.csv,1426
c.pozzi.csv,1427
c.pozzi.csv,1428
c.pozzi.csv,1450
c.pozzi.csv,1451
c.pozzi.csv,1452
c.pozzi.csv,1453
c.pozzi.csv,1454
c.pozzi.csv,1471
c.pozzi.csv,1472
c.pozzi.csv,1473
c.pozzi.csv,1474
c.pozzi.csv,1475
c.pozzi.csv,1510
c.pozzi.csv,1511
c.pozzi.csv,1512
c.pozzi.csv,1513
c.pozzi.csv,1514
c.pozzi.csv,1515
c.pozzi.csv,1516
c.pozzi.csv,1517
c.pozzi.csv,1518
c.pozzi.csv,1519
c.pozzi.csv,1520
c.pozzi.csv,1521
c.pozzi.csv,1522
c.pozzi.csv,1523
c.pozzi.csv,1524
c.pozzi.csv,1549
c.pozzi.csv,1550
c.pozzi.csv,1551
c.pozzi.csv,1552
c.pozzi.csv,1553
c.pozzi.csv,1563
c.pozzi.csv,1564
c.pozzi.csv,1565
c.pozzi.csv,1566
c.pozzi.csv,1567
c.pozzi.csv,1590
c.pozzi.csv,1591
c.pozzi.csv,1592
c.pozzi.csv,1593
c.pozzi.csv,1602
c.pozzi.csv,1603
c.pozzi.csv,1604
c.pozzi.csv,1605
c.pozzi.csv,1606
c.pozzi.csv,1647
c.pozzi.csv,1648
c.pozzi.csv,1649
c.pozzi.csv,1650
c.pozzi.csv,1651
c.pozzi.csv,1652
c.pozzi.csv,1653
c.pozzi.csv,1654
c.pozzi.csv,1655
c.pozzi.csv,1656
c.pozzi.csv,1657
c.pozzi.csv,1658
c.pozzi.csv,1659
c.pozzi.csv,1660
c.pozzi.csv,1661
c.pozzi.csv,1682
c.pozzi.csv,1736
c.pozzi.csv,1737
c.pozzi.csv,1738
c.pozzi.csv,1739
c.pozzi.csv,1740
c.pozzi.csv,1922
c.pozzi.csv,1925
c.pozzi.csv,1926
c.pozzi.csv,1927
c.pozzi.csv,1928
c.pozzi.csv,1937
c.pozzi.csv,1940
c.pozzi.csv,1941
c.pozzi.csv,1942
c.pozzi.csv,1943
c.pozzi.csv,1969
c.pozzi.csv,1973
c.pozzi.csv,1974
c.pozzi.csv,1976
c.pozzi.csv,1977
c.pozzi.csv,1986
c.pozzi.csv,1988
c.pozzi.csv,1989
c.pozzi.csv,1990
c.pozzi.csv,1992
c.pozzi.csv,2000
c.pozzi.csv,2001
c.pozzi.csv,2002
c.pozzi.csv,2003
c.pozzi.csv,2004
c.pozzi.csv,2006
c.pozzi.csv,2009
c.pozzi.csv,2010
c.pozzi.csv,2011
c.pozzi.csv,2012
c.pozzi.csv,2014
c.pozzi.csv,2019
c.pozzi.csv,2020
c.pozzi.csv,2029
c.pozzi.csv,2032
c.pozzi.csv,2042
c.pozzi.csv,2043
c.pozzi.csv,2044
c.pozzi.csv,2045
c.pozzi.csv,2046
c.pozzi.csv,2077
c.pozzi.csv,2078
c.pozzi.csv,2079
c.pozzi.csv,2080
c.pozzi.csv,2082
c.pozzi.csv,2097
c.pozzi.csv,2099
c.pozzi.csv,2100
c.pozzi.csv,2102
c.pozzi.csv,2103
c.pozzi.csv,2113
c.pozzi.csv,2114
c.pozzi.csv,2115
c.pozzi.csv,2117
c.pozzi.csv,2118
c.pozzi.csv,2134
c.pozzi.csv,2135
c.pozzi.csv,2136
c.pozzi.csv,2137
c.pozzi.csv,2139
c.pozzi.csv,2145
c.pozzi.csv,2147
c.pozzi.csv,2148
c.pozzi.csv,2149
c.pozzi.csv,2150
c.pozzi.csv,2151
c.pozzi.csv,2174
c.pozzi.csv,2175
c.pozzi.csv,2176
c.pozzi.csv,2178
d.milan.csv,2
d.milan.csv,3
d.milan.csv,7
d.milan.csv,13
d.milan.csv,121
d.milan.csv,132
d.milan.csv,133
d.milan.csv,134
d.milan.csv,136
d.milan.csv,463
d.milan.csv,684
d.milan.csv,1461
d.milan.csv,1462
d.milan.csv,1618
d.milan.csv,1619
d.milan.csv,1624
d.milan.csv,2055
d.milan.csv,2086
d.milan.csv,2407
d.milan.csv,3684
d.milan.csv,3819
d.milan.csv,3970
d.milan.csv,4655
d.milan.csv,4768
d.milan.csv,5024
d.milan.csv,5181
d.milan.csv,5503
d.milan.csv,5556
d.milan.csv,5769
d.milan.csv,6187
d.milan.csv,6330
d.milan.csv,14630
d.milan.csv,14633
d.milan.csv,14634
d.milan.csv,14663
d.milan.csv,14665
d.milan.csv,14671
d.milan.csv,14677
d.milan.csv,26233
d.milan.csv,26234
d.milan.csv,42536
d.milan.csv,42540
d.milan.csv,42630
d.milan.csv,42634
d.milan.csv,42636
d.milan.csv,42655
d.milan.csv,57372
d.milan.csv,57398
d.milan.csv,57401
d.milan.csv,61807
d.milan.csv,61808
d.milan.csv,62039
d.milan.csv,62464
d.milan.csv,62467
d.milan.csv,62512
d.milan.csv,62950
d.milan.csv,62953
d.milan.csv,62954
d.milan.csv,62955
d.milan.csv,62958
d.milan.csv,62994
d.milan.csv,62996
d.milan.csv,62997
d.milan.csv,62998
d.milan.csv,62999
d.milan.csv,63003
d.milan.csv,63004
d.milan.csv,63005
d.milan.csv,63006
d.milan.csv,63104
d.milan.csv,63105
d.milan.csv,63106
d.milan.csv,63107
d.milan.csv,63108
d.milan.csv,63113
d.milan.csv,63114
d.milan.csv,63115
d.milan.csv,63116
d.milan.csv,63117
d.milan.csv,63118
d.milan.csv,63126
d.milan.csv,63127
d.milan.csv,63130
d.milan.csv,63279
d.milan.csv,63281
d.milan.csv,63282
d.milan.csv,63285
d.milan.csv,63292
d.milan.csv,63554
d.milan.csv,63561
d.milan.csv,63563
d.milan.csv,63564
d.milan.csv,63572
d.milan.csv,63701
d.milan.csv,63702
d.milan.csv,63703
d.milan.csv,63709
d.milan.csv,63727
d.milan.csv,63818
d.milan.csv,63819
d.milan.csv,63820
d.milan.csv,63824
d.milan.csv,63826
d.milan.csv,63913
d.milan.csv,63914
d.milan.csv,63915
d.milan.csv,63916
d.milan.csv,63917
d.milan.csv,63922
d.milan.csv,63923
d.milan.csv,63924
d.milan.csv,63925
d.milan.csv,63926
d.milan.csv,63929
d.milan.csv,63950
d.milan.csv,63951
d.milan.csv,63953
d.milan.csv,63954
d.milan.csv,64067
d.vincenzetti.csv,10
d.vincenzetti.csv,11
d.vincenzetti.csv,35
d.vincenzetti.csv,8084
d.vincenzetti.csv,8086
d.vincenzetti.csv,15692
d.vincenzetti.csv,15695
d.vincenzetti.csv,15696
d.vincenzetti.csv,15720
d.vincenzetti.csv,15722
d.vincenzetti.csv,15732
d.vincenzetti.csv,15733
d.vincenzetti.csv,15734
d.vincenzetti.csv,15735
d.vincenzetti.csv,15793
d.vincenzetti.csv,15796
d.vincenzetti.csv,16018
d.vincenzetti.csv,16032
d.vincenzetti.csv,16113
d.vincenzetti.csv,16117
d.vincenzetti.csv,16119
d.vincenzetti.csv,16121
d.vincenzetti.csv,16128
d.vincenzetti.csv,16129
d.vincenzetti.csv,16130
d.vincenzetti.csv,17220
d.vincenzetti.csv,17224
d.vincenzetti.csv,17232
d.vincenzetti.csv,17281
d.vincenzetti.csv,17282
d.vincenzetti.csv,17288
d.vincenzetti.csv,17289
d.vincenzetti.csv,17290
d.vincenzetti.csv,17292
d.vincenzetti.csv,17311
d.vincenzetti.csv,17329
d.vincenzetti.csv,17330
d.vincenzetti.csv,17585
d.vincenzetti.csv,19050
d.vincenzetti.csv,20325
d.vincenzetti.csv,20328
d.vincenzetti.csv,22565
d.vincenzetti.csv,24536
d.vincenzetti.csv,24540
d.vincenzetti.csv,25602
d.vincenzetti.csv,25605
d.vincenzetti.csv,25610
d.vincenzetti.csv,25624
d.vincenzetti.csv,25640
d.vincenzetti.csv,25642
d.vincenzetti.csv,25648
d.vincenzetti.csv,25974
d.vincenzetti.csv,25976
d.vincenzetti.csv,27016
d.vincenzetti.csv,27018
d.vincenzetti.csv,27236
d.vincenzetti.csv,27247
d.vincenzetti.csv,27265
d.vincenzetti.csv,27273
d.vincenzetti.csv,27466
d.vincenzetti.csv,27467
d.vincenzetti.csv,27483
d.vincenzetti.csv,33225
d.vincenzetti.csv,33226
d.vincenzetti.csv,33234
d.vincenzetti.csv,33264
d.vincenzetti.csv,33387
d.vincenzetti.csv,33418
d.vincenzetti.csv,33424
d.vincenzetti.csv,33442
d.vincenzetti.csv,33443
d.vincenzetti.csv,33590
d.vincenzetti.csv,33601
d.vincenzetti.csv,33607
d.vincenzetti.csv,33614
d.vincenzetti.csv,33615
d.vincenzetti.csv,33783
d.vincenzetti.csv,33811
d.vincenzetti.csv,33812
d.vincenzetti.csv,33820
d.vincenzetti.csv,33830
d.vincenzetti.csv,33914
d.vincenzetti.csv,33921
d.vincenzetti.csv,33927
d.vincenzetti.csv,33929
d.vincenzetti.csv,33933
d.vincenzetti.csv,34066
d.vincenzetti.csv,34070
d.vincenzetti.csv,34071
d.vincenzetti.csv,34084
d.vincenzetti.csv,34086
d.vincenzetti.csv,34198
d.vincenzetti.csv,34244
d.vincenzetti.csv,34250
d.vincenzetti.csv,34252
d.vincenzetti.csv,34253
d.vincenzetti.csv,34257
d.vincenzetti.csv,34258
d.vincenzetti.csv,34308
d.vincenzetti.csv,34309
d.vincenzetti.csv,34310
d.vincenzetti.csv,34311
d.vincenzetti.csv,34385
d.vincenzetti.csv,34386
d.vincenzetti.csv,34411
d.vincenzetti.csv,34412
d.vincenzetti.csv,34417
d.vincenzetti.csv,34418
d.vincenzetti.csv,34542
d.vincenzetti.csv,34563
d.vincenzetti.csv,34565
d.vincenzetti.csv,34590
d.vincenzetti.csv,34640
d.vincenzetti.csv,34717
d.vincenzetti.csv,34742
d.vincenzetti.csv,34743
d.vincenzetti.csv,34777
d.vincenzetti.csv,34805
d.vincenzetti.csv,34832
d.vincenzetti.csv,34833
d.vincenzetti.csv,34838
d.vincenzetti.csv,34920
d.vincenzetti.csv,34951
d.vincenzetti.csv,34977
d.vincenzetti.csv,34978
d.vincenzetti.csv,34982
d.vincenzetti.csv,34983
d.vincenzetti.csv,34989
d.vincenzetti.csv,35026
d.vincenzetti.csv,35028
d.vincenzetti.csv,35029
d.vincenzetti.csv,35036
d.vincenzetti.csv,35037
d.vincenzetti.csv,35045
d.vincenzetti.csv,35089
d.vincenzetti.csv,35090
d.vincenzetti.csv,35093
d.vincenzetti.csv,35104
d.vincenzetti.csv,35221
d.vincenzetti.csv,35248
d.vincenzetti.csv,35249
d.vincenzetti.csv,35406
d.vincenzetti.csv,35569
d.vincenzetti.csv,35618
d.vincenzetti.csv,35619
d.vincenzetti.csv,35626
d.vincenzetti.csv,35632
d.vincenzetti.csv,35869
d.vincenzetti.csv,35916
d.vincenzetti.csv,35917
d.vincenzetti.csv,35924
d.vincenzetti.csv,35930
d.vincenzetti.csv,36233
d.vincenzetti.csv,36299
d.vincenzetti.csv,36300
d.vincenzetti.csv,36308
d.vincenzetti.csv,36318
d.vincenzetti.csv,36510
d.vincenzetti.csv,36524
d.vincenzetti.csv,36526
d.vincenzetti.csv,36532
d.vincenzetti.csv,36538
d.vincenzetti.csv,36746
d.vincenzetti.csv,36771
d.vincenzetti.csv,36772
d.vincenzetti.csv,36780
d.vincenzetti.csv,36782
d.vincenzetti.csv,36924
d.vincenzetti.csv,37006
d.vincenzetti.csv,37007
d.vincenzetti.csv,37009
d.vincenzetti.csv,37015
d.vincenzetti.csv,37064
d.vincenzetti.csv,37182
d.vincenzetti.csv,37186
d.vincenzetti.csv,37284
d.vincenzetti.csv,37331
d.vincenzetti.csv,37492
d.vincenzetti.csv,37502
d.vincenzetti.csv,37503
d.vincenzetti.csv,37511
d.vincenzetti.csv,37516
d.vincenzetti.csv,37665
d.vincenzetti.csv,37692
d.vincenzetti.csv,37694
d.vincenzetti.csv,37701
d.vincenzetti.csv,37717
d.vincenzetti.csv,37873
d.vincenzetti.csv,37883
d.vincenzetti.csv,37884
d.vincenzetti.csv,37888
d.vincenzetti.csv,37889
d.vincenzetti.csv,37893
d.vincenzetti.csv,37894
d.vincenzetti.csv,37921
d.vincenzetti.csv,37922
d.vincenzetti.csv,37927
d.vincenzetti.csv,37938
d.vincenzetti.csv,38147
d.vincenzetti.csv,38152
d.vincenzetti.csv,38153
d.vincenzetti.csv,38157
d.vincenzetti.csv,38195
d.vincenzetti.csv,38309
d.vincenzetti.csv,38315
d.vincenzetti.csv,38316
d.vincenzetti.csv,38320
d.vincenzetti.csv,38321
d.vincenzetti.csv,38350
d.vincenzetti.csv,38369
d.vincenzetti.csv,38370
d.vincenzetti.csv,38375
d.vincenzetti.csv,38376
d.vincenzetti.csv,38381
d.vincenzetti.csv,38495
d.vincenzetti.csv,38496
d.vincenzetti.csv,38499
d.vincenzetti.csv,38510
d.vincenzetti.csv,38540
d.vincenzetti.csv,38549
d.vincenzetti.csv,38654
d.vincenzetti.csv,38661
d.vincenzetti.csv,38663
d.vincenzetti.csv,38671
d.vincenzetti.csv,38672
d.vincenzetti.csv,38832
d.vincenzetti.csv,38863
d.vincenzetti.csv,38874
d.vincenzetti.csv,38887
d.vincenzetti.csv,38889
d.vincenzetti.csv,39031
d.vincenzetti.csv,39039
d.vincenzetti.csv,39040
d.vincenzetti.csv,39046
d.vincenzetti.csv,39056
d.vincenzetti.csv,39139
d.vincenzetti.csv,39149
d.vincenzetti.csv,39151
d.vincenzetti.csv,39154
d.vincenzetti.csv,39155
d.vincenzetti.csv,39182
d.vincenzetti.csv,39187
d.vincenzetti.csv,39188
d.vincenzetti.csv,39190
d.vincenzetti.csv,39196
d.vincenzetti.csv,39207
d.vincenzetti.csv,39254
d.vincenzetti.csv,39255
d.vincenzetti.csv,39262
e.ciceri.csv,6424
e.ciceri.csv,6432
e.ciceri.csv,16884
f.cornelli.csv,6674
f.cornelli.csv,6675
f.cornelli.csv,6677
f.cornelli.csv,6685
f.cornelli.csv,6686
f.cornelli.csv,6690
g.russo.csv,32802
g.russo.csv,32803
g.russo.csv,32804
g.russo.csv,32854
g.russo.csv,32855
g.russo.csv,32856
g.russo.csv,33169
g.russo.csv,33170
g.russo.csv,33171
g.russo.csv,33172
g.russo.csv,33173
g.russo.csv,33192
g.russo.csv,33193
l.rana.csv,18977
l.rana.csv,18986
l.rana.csv,18994
m.losito.csv,649
m.losito.csv,650
m.losito.csv,651
m.losito.csv,652
m.losito.csv,653
m.losito.csv,654
m.oliva.csv,1876
m.oliva.csv,1877
m.oliva.csv,1878
m.oliva.csv,1881
m.oliva.csv,1882
m.oliva.csv,1886
m.romeo.csv,2
m.romeo.csv,3
m.romeo.csv,6
m.romeo.csv,9
m.romeo.csv,147
m.romeo.csv,566
m.romeo.csv,858
m.romeo.csv,1098
m.romeo.csv,1101
m.romeo.csv,1102
m.romeo.csv,1104
m.romeo.csv,1138
m.romeo.csv,1139
m.romeo.csv,1229
m.romeo.csv,1350
m.romeo.csv,1351
m.romeo.csv,1377
m.romeo.csv,1379
m.romeo.csv,1513
m.romeo.csv,1580
m.romeo.csv,1581
m.romeo.csv,1679
m.romeo.csv,1681
m.romeo.csv,1730
m.romeo.csv,1763
m.romeo.csv,1769
m.romeo.csv,1775
m.romeo.csv,1776
m.romeo.csv,1777
m.romeo.csv,1779
m.romeo.csv,1780
m.romeo.csv,1781
m.romeo.csv,1798
m.romeo.csv,1799
m.romeo.csv,1800
m.romeo.csv,1803
m.romeo.csv,1841
m.romeo.csv,1842
m.romeo.csv,1844
m.romeo.csv,1866
m.romeo.csv,1867
m.romeo.csv,1916
m.romeo.csv,1917
m.romeo.csv,1952
m.romeo.csv,1986
m.romeo.csv,1987
m.romeo.csv,1988
m.romeo.csv,1989
m.romeo.csv,1990
m.romeo.csv,1991
m.romeo.csv,1993
m.romeo.csv,1995
m.romeo.csv,2030
m.romeo.csv,2037
m.romeo.csv,2038
m.romeo.csv,2039
m.romeo.csv,2040
m.romeo.csv,2065
m.romeo.csv,2066
m.romeo.csv,2069
m.romeo.csv,2240
m.romeo.csv,2241
m.romeo.csv,2342
m.romeo.csv,4037
m.romeo.csv,4039
m.romeo.csv,4040
m.romeo.csv,4041
m.romeo.csv,4042
m.romeo.csv,4043
m.romeo.csv,4044
m.romeo.csv,4058
m.romeo.csv,4106
m.romeo.csv,4120
m.romeo.csv,4121
m.romeo.csv,4122
m.romeo.csv,4124
m.romeo.csv,4126
m.romeo.csv,4373
m.romeo.csv,4374
m.romeo.csv,4377
m.romeo.csv,4380
m.romeo.csv,4381
m.romeo.csv,4382
m.romeo.csv,4383
m.romeo.csv,4385
m.romeo.csv,4387
m.romeo.csv,4450
m.romeo.csv,4828
m.romeo.csv,5111
m.romeo.csv,5645
m.romeo.csv,6201
m.romeo.csv,6203
m.romeo.csv,6440
m.romeo.csv,6441
m.romeo.csv,6442
m.romeo.csv,6444
m.romeo.csv,6447
m.romeo.csv,6449
m.romeo.csv,6450
m.romeo.csv,6524
m.romeo.csv,6525
m.romeo.csv,6780
m.romeo.csv,6845
m.romeo.csv,6850
m.romeo.csv,6885
m.romeo.csv,6887
m.romeo.csv,6891
m.romeo.csv,9477
m.romeo.csv,9479
m.romeo.csv,9501
m.romeo.csv,9502
m.romeo.csv,9505
m.romeo.csv,9506
m.romeo.csv,9863
m.romeo.csv,10716
m.romeo.csv,10730
m.romeo.csv,10734
m.romeo.csv,10760
m.romeo.csv,10820
m.romeo.csv,10825
m.romeo.csv,10827
m.romeo.csv,10828
m.romeo.csv,10829
m.romeo.csv,10876
m.romeo.csv,10878
m.romeo.csv,10894
m.romeo.csv,10895
m.romeo.csv,10896
m.romeo.csv,11057
m.romeo.csv,11058
m.romeo.csv,11060
m.romeo.csv,11063
m.romeo.csv,11064
m.romeo.csv,11065
m.romeo.csv,11066
m.romeo.csv,11067
m.romeo.csv,11068
m.romeo.csv,11112
m.romeo.csv,11113
m.romeo.csv,11114
m.romeo.csv,11301
m.romeo.csv,11302
m.romeo.csv,11303
m.romeo.csv,11450
m.romeo.csv,11451
m.romeo.csv,11453
m.romeo.csv,11454
m.romeo.csv,11457
m.romeo.csv,11543
m.romeo.csv,11717
m.romeo.csv,11718
m.romeo.csv,11719
m.romeo.csv,11934
m.romeo.csv,11942
m.romeo.csv,11946
m.romeo.csv,11967
m.romeo.csv,11968
m.romeo.csv,11971
m.romeo.csv,11972
m.romeo.csv,11975
m.romeo.csv,11986
m.romeo.csv,11989
m.romeo.csv,12011
m.romeo.csv,12012
m.romeo.csv,12013
m.romeo.csv,12014
m.romeo.csv,12016
m.romeo.csv,12049
m.romeo.csv,12122
m.romeo.csv,12123
m.romeo.csv,12124
m.romeo.csv,12125
m.romeo.csv,12126
m.romeo.csv,12151
m.romeo.csv,12152
m.romeo.csv,12157
m.romeo.csv,12217
m.romeo.csv,12218
m.romeo.csv,12219
m.romeo.csv,12220
m.romeo.csv,12222
m.romeo.csv,12272
m.romeo.csv,12273
m.romeo.csv,12276
m.romeo.csv,12288
m.romeo.csv,12293
m.romeo.csv,12353
m.romeo.csv,12355
m.romeo.csv,12356
m.romeo.csv,13427
m.romeo.csv,13455
m.romeo.csv,14069
m.romeo.csv,14070
m.romeo.csv,14088
m.romeo.csv,14089
m.romeo.csv,14092
m.romeo.csv,14175
m.romeo.csv,14176
m.romeo.csv,14178
m.romeo.csv,14180
m.romeo.csv,14986
m.romeo.csv,14989
m.romeo.csv,14991
m.romeo.csv,14994
m.romeo.csv,15131
m.romeo.csv,16028
m.romeo.csv,16039
m.romeo.csv,16170
m.romeo.csv,16526
m.romeo.csv,16535
m.romeo.csv,16537
m.romeo.csv,16581
m.romeo.csv,16610
m.romeo.csv,16615
m.romeo.csv,16694
m.romeo.csv,16697
m.romeo.csv,16698
m.romeo.csv,16699
m.romeo.csv,16716
m.romeo.csv,16837
m.romeo.csv,16903
m.romeo.csv,16987
m.romeo.csv,17021
m.romeo.csv,17025
m.romeo.csv,17026
m.romeo.csv,17031
m.romeo.csv,17036
m.romeo.csv,17037
m.romeo.csv,17078
m.romeo.csv,17079
m.romeo.csv,17091
m.romeo.csv,17104
m.romeo.csv,17117
m.romeo.csv,17124
m.romeo.csv,17138
m.romeo.csv,17576
m.romeo.csv,17638
m.romeo.csv,17639
m.romeo.csv,17640
m.romeo.csv,17641
m.romeo.csv,17642
m.romeo.csv,17643
m.romeo.csv,17644
m.romeo.csv,17645
m.romeo.csv,17646
m.romeo.csv,17647
m.romeo.csv,17648
m.romeo.csv,17649
m.romeo.csv,17650
m.romeo.csv,17651
m.romeo.csv,17652
m.romeo.csv,17653
m.romeo.csv,17654
m.romeo.csv,17655
m.romeo.csv,17656
m.romeo.csv,17657
m.romeo.csv,17658
m.romeo.csv,17659
m.romeo.csv,17660
m.romeo.csv,17661
m.romeo.csv,17662
m.romeo.csv,17663
m.romeo.csv,17664
m.romeo.csv,17665
m.romeo.csv,17666
m.romeo.csv,17667
m.romeo.csv,17668
m.romeo.csv,17669
m.romeo.csv,17670
m.romeo.csv,17671
m.romeo.csv,17672
m.romeo.csv,17673
m.romeo.csv,17674
m.romeo.csv,17675
m.romeo.csv,17676
m.romeo.csv,17677
m.romeo.csv,17678
m.romeo.csv,17679
m.romeo.csv,17680
m.romeo.csv,17681
m.romeo.csv,17682
m.romeo.csv,17683
m.romeo.csv,17684
m.romeo.csv,17685
m.romeo.csv,17686
m.romeo.csv,17687
m.romeo.csv,17688
m.romeo.csv,17689
m.romeo.csv,17690
m.romeo.csv,17691
m.romeo.csv,17692
m.romeo.csv,17693
m.romeo.csv,17694
m.romeo.csv,17695
m.romeo.csv,17696
m.romeo.csv,17697
m.romeo.csv,17698
m.romeo.csv,17699
m.romeo.csv,17700
m.romeo.csv,17701
m.romeo.csv,17702
m.romeo.csv,17703
m.romeo.csv,17704
m.romeo.csv,17705
m.romeo.csv,17706
m.romeo.csv,17707
m.romeo.csv,17708
m.romeo.csv,17709
m.romeo.csv,17710
m.romeo.csv,17711
m.romeo.csv,17712
m.romeo.csv,17713
m.romeo.csv,17714
m.romeo.csv,17715
m.romeo.csv,17716
m.romeo.csv,17717
m.romeo.csv,17718
m.romeo.csv,17719
m.romeo.csv,17720
m.romeo.csv,17721
m.romeo.csv,17722
m.romeo.csv,17723
m.romeo.csv,17724
m.romeo.csv,17725
m.romeo.csv,17726
m.romeo.csv,17727
m.romeo.csv,17728
m.romeo.csv,17729
m.romeo.csv,17730
m.romeo.csv,17731
m.romeo.csv,17732
m.romeo.csv,17733
m.romeo.csv,17734
m.romeo.csv,17735
m.romeo.csv,17736
m.romeo.csv,17737
m.romeo.csv,17738
m.romeo.csv,17739
m.romeo.csv,17740
m.romeo.csv,17741
m.romeo.csv,17742
m.romeo.csv,17743
m.romeo.csv,17744
m.romeo.csv,17745
m.romeo.csv,17746
m.romeo.csv,17747
m.romeo.csv,17748
m.romeo.csv,17749
m.romeo.csv,17750
m.romeo.csv,17751
m.romeo.csv,17752
m.romeo.csv,17753
m.romeo.csv,17754
m.romeo.csv,17755
m.romeo.csv,17756
m.romeo.csv,17757
m.romeo.csv,17758
m.romeo.csv,17759
m.romeo.csv,17760
m.romeo.csv,17761
m.romeo.csv,17762
m.romeo.csv,17763
m.romeo.csv,17764
m.romeo.csv,17765
m.romeo.csv,17766
m.romeo.csv,17767
m.romeo.csv,17768
m.romeo.csv,17769
m.romeo.csv,17770
m.romeo.csv,17771
m.romeo.csv,17772
m.romeo.csv,17773
m.romeo.csv,17774
m.romeo.csv,17775
m.romeo.csv,17776
m.romeo.csv,17777
m.romeo.csv,17778
m.romeo.csv,17779
m.romeo.csv,17780
m.romeo.csv,17781
m.romeo.csv,17782
m.romeo.csv,17783
m.romeo.csv,17784
m.romeo.csv,17785
m.romeo.csv,17786
m.romeo.csv,17787
m.romeo.csv,17788
m.romeo.csv,17789
m.romeo.csv,17790
m.romeo.csv,17791
m.romeo.csv,17792
m.romeo.csv,17793
m.romeo.csv,17794
m.romeo.csv,17795
m.romeo.csv,17796
m.romeo.csv,17797
m.romeo.csv,17798
m.romeo.csv,17799
m.romeo.csv,17800
m.romeo.csv,17801
m.romeo.csv,17802
m.romeo.csv,17803
m.romeo.csv,17804
m.romeo.csv,17805
m.romeo.csv,17806
m.romeo.csv,17807
m.romeo.csv,17808
m.romeo.csv,17809
m.romeo.csv,17810
m.romeo.csv,17811
m.romeo.csv,17812
m.romeo.csv,17813
m.romeo.csv,17814
m.romeo.csv,17815
m.romeo.csv,17816
m.romeo.csv,17817
m.romeo.csv,17818
m.romeo.csv,17819
m.romeo.csv,17820
m.romeo.csv,17821
m.romeo.csv,17822
m.romeo.csv,17823
m.romeo.csv,17824
m.romeo.csv,17825
m.romeo.csv,17826
m.romeo.csv,17827
m.romeo.csv,17828
m.romeo.csv,17829
m.romeo.csv,17830
m.romeo.csv,17831
m.romeo.csv,17832
m.romeo.csv,17833
m.romeo.csv,17834
m.romeo.csv,17835
m.romeo.csv,17836
m.romeo.csv,17837
m.romeo.csv,17838
m.romeo.csv,17839
m.romeo.csv,17840
m.romeo.csv,17841
m.romeo.csv,17842
m.romeo.csv,17843
m.romeo.csv,17844
m.romeo.csv,17845
m.romeo.csv,17846
m.romeo.csv,17847
m.romeo.csv,17848
m.romeo.csv,17849
m.romeo.csv,17850
m.romeo.csv,17851
m.romeo.csv,17852
m.romeo.csv,17853
m.romeo.csv,17854
m.romeo.csv,17855
m.romeo.csv,17856
m.romeo.csv,17857
m.romeo.csv,17858
m.romeo.csv,17859
m.romeo.csv,17860
m.romeo.csv,17861
m.romeo.csv,17862
m.romeo.csv,17863
m.romeo.csv,17864
m.romeo.csv,17865
m.romeo.csv,17866
m.romeo.csv,17867
m.romeo.csv,17868
m.romeo.csv,17869
m.romeo.csv,17870
m.romeo.csv,17871
m.romeo.csv,17872
m.romeo.csv,17873
m.romeo.csv,17874
m.romeo.csv,17875
m.romeo.csv,17876
m.romeo.csv,17877
m.romeo.csv,17878
m.romeo.csv,17879
m.romeo.csv,17880
m.romeo.csv,17881
m.romeo.csv,17882
m.romeo.csv,17883
m.romeo.csv,17884
m.romeo.csv,17885
m.romeo.csv,17886
m.romeo.csv,17887
m.romeo.csv,17888
m.romeo.csv,17889
m.romeo.csv,17890
m.romeo.csv,17891
m.romeo.csv,17892
m.romeo.csv,17893
m.romeo.csv,17894
m.romeo.csv,17895
m.romeo.csv,17896
m.romeo.csv,17897
m.romeo.csv,17898
m.romeo.csv,17899
m.romeo.csv,17900
m.romeo.csv,17901
m.romeo.csv,17902
m.romeo.csv,17903
m.romeo.csv,17904
m.romeo.csv,17905
m.romeo.csv,17906
m.romeo.csv,17907
m.romeo.csv,17908
m.romeo.csv,17909
m.romeo.csv,17910
m.romeo.csv,17911
m.romeo.csv,17912
m.romeo.csv,17913
m.romeo.csv,17914
m.romeo.csv,17915
m.romeo.csv,17916
m.romeo.csv,17917
m.romeo.csv,17918
m.romeo.csv,17919
m.romeo.csv,17920
m.romeo.csv,17921
m.romeo.csv,17922
m.romeo.csv,17923
m.romeo.csv,17924
m.romeo.csv,17925
m.romeo.csv,17926
m.romeo.csv,17927
m.romeo.csv,17928
m.romeo.csv,17929
m.romeo.csv,17930
m.romeo.csv,17931
m.romeo.csv,17932
m.romeo.csv,17933
m.romeo.csv,17934
m.romeo.csv,17935
m.romeo.csv,17936
m.romeo.csv,17937
m.romeo.csv,17938
m.romeo.csv,17939
m.romeo.csv,17940
m.romeo.csv,17941
m.romeo.csv,17942
m.romeo.csv,17943
m.romeo.csv,17944
m.romeo.csv,17945
m.romeo.csv,17946
m.romeo.csv,17947
m.romeo.csv,17948
m.romeo.csv,17949
m.romeo.csv,17950
m.romeo.csv,17951
m.romeo.csv,17952
m.romeo.csv,17953
m.romeo.csv,17954
m.romeo.csv,17955
m.romeo.csv,17956
m.romeo.csv,17957
m.romeo.csv,17958
m.romeo.csv,17959
m.romeo.csv,17960
m.romeo.csv,17961
m.romeo.csv,17962
m.romeo.csv,17963
m.romeo.csv,17964
m.romeo.csv,17965
m.romeo.csv,17966
m.romeo.csv,17967
m.romeo.csv,17968
m.romeo.csv,17969
m.romeo.csv,17970
m.romeo.csv,17971
m.romeo.csv,17972
m.romeo.csv,17973
m.romeo.csv,17974
m.romeo.csv,17975
m.romeo.csv,17976
m.romeo.csv,17977
m.romeo.csv,17978
m.romeo.csv,17979
m.romeo.csv,17980
m.romeo.csv,17981
m.romeo.csv,17982
m.romeo.csv,17983
m.romeo.csv,17984
m.romeo.csv,17985
m.romeo.csv,17986
m.romeo.csv,17987
m.romeo.csv,17988
m.romeo.csv,17989
m.romeo.csv,17990
m.romeo.csv,17991
m.romeo.csv,17992
m.romeo.csv,17993
m.romeo.csv,17994
m.romeo.csv,17995
m.romeo.csv,17996
m.romeo.csv,17997
m.romeo.csv,17998
m.romeo.csv,17999
m.romeo.csv,18000
m.romeo.csv,18001
m.romeo.csv,18002
m.romeo.csv,18003
m.romeo.csv,18004
m.romeo.csv,18005
m.romeo.csv,18006
m.romeo.csv,18007
m.romeo.csv,18008
m.romeo.csv,18009
m.romeo.csv,18010
m.romeo.csv,18011
m.romeo.csv,18012
m.romeo.csv,18013
m.romeo.csv,18014
m.romeo.csv,18015
m.romeo.csv,18016
m.romeo.csv,18017
m.romeo.csv,18018
m.romeo.csv,18019
m.romeo.csv,18020
m.romeo.csv,18021
m.romeo.csv,18022
m.romeo.csv,18023
m.romeo.csv,18024
m.romeo.csv,18025
m.romeo.csv,18026
m.romeo.csv,18027
m.romeo.csv,18028
m.romeo.csv,18029
m.romeo.csv,18030
m.romeo.csv,18031
m.romeo.csv,18032
m.romeo.csv,18033
m.romeo.csv,18034
m.romeo.csv,18035
m.romeo.csv,18036
m.romeo.csv,18037
m.romeo.csv,18038
m.romeo.csv,18039
m.romeo.csv,18040
m.romeo.csv,18041
m.romeo.csv,18042
m.romeo.csv,18043
m.romeo.csv,18044
m.romeo.csv,18045
m.romeo.csv,18046
m.romeo.csv,18047
m.romeo.csv,18048
m.romeo.csv,18049
m.romeo.csv,18050
m.romeo.csv,18051
m.romeo.csv,18052
m.romeo.csv,18053
m.romeo.csv,18054
m.romeo.csv,18055
m.romeo.csv,18056
m.romeo.csv,18057
m.romeo.csv,18058
m.romeo.csv,18059
m.romeo.csv,18060
m.romeo.csv,18061
m.romeo.csv,18062
m.romeo.csv,18063
m.romeo.csv,18064
m.romeo.csv,18065
m.romeo.csv,18066
m.romeo.csv,18067
m.romeo.csv,18068
m.romeo.csv,18069
m.romeo.csv,18070
m.romeo.csv,18071
m.romeo.csv,18072
m.romeo.csv,18073
m.romeo.csv,18074
m.romeo.csv,18075
m.romeo.csv,18076
m.romeo.csv,18077
m.romeo.csv,18078
m.romeo.csv,18079
m.romeo.csv,18080
m.romeo.csv,18081
m.romeo.csv,18082
m.romeo.csv,18083
m.romeo.csv,18084
m.romeo.csv,18085
m.romeo.csv,18086
m.romeo.csv,18087
m.romeo.csv,18088
m.romeo.csv,18089
m.romeo.csv,18090
m.romeo.csv,18091
m.romeo.csv,18092
m.romeo.csv,18093
m.romeo.csv,18094
m.romeo.csv,18095
m.romeo.csv,18096
m.romeo.csv,18097
m.romeo.csv,18098
m.romeo.csv,18099
m.romeo.csv,18100
m.romeo.csv,18101
m.romeo.csv,18102
m.romeo.csv,18103
m.romeo.csv,18104
m.romeo.csv,18105
m.romeo.csv,18106
m.romeo.csv,18107
m.romeo.csv,18108
m.romeo.csv,18109
m.romeo.csv,18110
m.romeo.csv,18111
m.romeo.csv,18112
m.romeo.csv,18113
m.romeo.csv,18114
m.romeo.csv,18115
m.romeo.csv,18116
m.romeo.csv,18117
m.romeo.csv,18118
m.romeo.csv,18119
m.romeo.csv,18120
m.romeo.csv,18121
m.romeo.csv,18122
m.romeo.csv,18123
m.romeo.csv,18124
m.romeo.csv,18125
m.romeo.csv,18126
m.romeo.csv,18127
m.romeo.csv,18128
m.romeo.csv,18129
m.romeo.csv,18130
m.romeo.csv,18131
m.romeo.csv,18132
m.romeo.csv,18133
m.romeo.csv,18134
m.romeo.csv,18135
m.romeo.csv,18136
m.romeo.csv,18137
m.romeo.csv,18138
m.romeo.csv,18139
m.romeo.csv,18140
m.romeo.csv,18141
m.romeo.csv,18142
m.romeo.csv,18143
m.romeo.csv,18144
m.romeo.csv,18145
m.romeo.csv,18146
m.romeo.csv,18147
m.romeo.csv,18148
m.romeo.csv,18149
m.romeo.csv,18150
m.romeo.csv,18151
m.romeo.csv,18152
m.romeo.csv,18153
m.romeo.csv,18154
m.romeo.csv,18155
m.romeo.csv,18156
m.romeo.csv,18157
m.romeo.csv,18158
m.romeo.csv,18159
m.romeo.csv,18160
m.romeo.csv,18161
m.romeo.csv,18162
m.romeo.csv,18163
m.romeo.csv,18164
m.romeo.csv,18165
m.romeo.csv,18166
m.romeo.csv,18167
m.romeo.csv,18168
m.romeo.csv,18169
m.romeo.csv,18170
m.romeo.csv,18171
m.romeo.csv,18172
m.romeo.csv,18173
m.romeo.csv,18174
m.romeo.csv,18175
m.romeo.csv,18176
m.romeo.csv,18177
m.romeo.csv,18178
m.romeo.csv,18179
m.romeo.csv,18180
m.romeo.csv,18181
m.romeo.csv,18182
m.romeo.csv,18183
m.romeo.csv,18184
m.romeo.csv,18185
m.romeo.csv,18186
m.romeo.csv,18187
m.romeo.csv,18188
m.romeo.csv,18189
m.romeo.csv,18190
m.romeo.csv,18191
m.romeo.csv,18192
m.romeo.csv,18193
m.romeo.csv,18194
m.romeo.csv,18195
m.romeo.csv,18196
m.romeo.csv,18197
m.romeo.csv,18198
m.romeo.csv,18199
m.romeo.csv,18200
m.romeo.csv,18201
m.romeo.csv,18202
m.romeo.csv,18203
m.romeo.csv,18204
m.romeo.csv,18205
m.romeo.csv,18206
m.romeo.csv,18207
m.romeo.csv,18208
m.romeo.csv,18209
m.romeo.csv,18210
m.romeo.csv,18211
m.romeo.csv,18212
m.romeo.csv,18213
m.romeo.csv,18214
m.romeo.csv,18215
m.romeo.csv,18216
m.romeo.csv,18217
m.romeo.csv,18218
m.romeo.csv,18219
m.romeo.csv,18220
m.romeo.csv,18221
m.romeo.csv,18222
m.romeo.csv,18223
m.romeo.csv,18224
m.romeo.csv,18225
m.romeo.csv,18226
m.romeo.csv,18227
m.romeo.csv,18228
m.romeo.csv,18229
m.romeo.csv,18230
m.romeo.csv,18231
m.romeo.csv,18232
m.romeo.csv,18233
m.romeo.csv,18234
m.romeo.csv,18235
m.romeo.csv,18236
m.romeo.csv,18237
m.romeo.csv,18238
m.romeo.csv,18239
m.romeo.csv,18240
m.romeo.csv,18241
m.romeo.csv,18242
m.romeo.csv,18243
m.romeo.csv,18244
m.romeo.csv,18245
m.romeo.csv,18246
m.romeo.csv,18247
m.romeo.csv,18248
m.romeo.csv,18249
m.romeo.csv,18250
m.romeo.csv,18251
m.romeo.csv,18252
m.romeo.csv,18253
m.romeo.csv,18254
m.romeo.csv,18255
m.romeo.csv,18256
m.romeo.csv,18257
m.romeo.csv,18258
m.romeo.csv,18259
m.romeo.csv,18260
m.romeo.csv,18261
m.romeo.csv,18262
m.romeo.csv,18263
m.romeo.csv,18264
m.romeo.csv,18265
m.romeo.csv,18266
m.romeo.csv,18267
m.romeo.csv,18268
m.romeo.csv,18269
m.romeo.csv,18270
m.romeo.csv,18271
m.romeo.csv,18272
m.romeo.csv,18273
m.romeo.csv,18274
m.romeo.csv,18275
m.romeo.csv,18276
m.romeo.csv,18277
m.romeo.csv,18278
m.romeo.csv,18279
m.romeo.csv,18280
m.romeo.csv,18281
m.romeo.csv,18282
m.romeo.csv,18283
m.romeo.csv,18284
m.romeo.csv,18285
m.romeo.csv,18286
m.romeo.csv,18287
m.romeo.csv,18288
m.romeo.csv,18289
m.romeo.csv,18290
m.romeo.csv,18291
m.romeo.csv,18292
m.romeo.csv,18293
m.romeo.csv,18294
m.romeo.csv,18295
m.romeo.csv,18296
m.romeo.csv,18297
m.romeo.csv,18298
m.romeo.csv,18299
m.romeo.csv,18300
m.romeo.csv,18301
m.romeo.csv,18302
m.romeo.csv,18303
m.romeo.csv,18304
m.romeo.csv,18305
m.romeo.csv,18306
m.romeo.csv,18307
m.romeo.csv,18308
m.romeo.csv,18309
m.romeo.csv,18310
m.romeo.csv,18311
m.romeo.csv,18312
m.romeo.csv,18313
m.romeo.csv,18314
m.romeo.csv,18315
m.romeo.csv,18316
m.romeo.csv,18317
m.romeo.csv,18318
m.romeo.csv,18319
m.romeo.csv,18320
m.romeo.csv,18321
m.romeo.csv,18322
m.romeo.csv,18323
m.romeo.csv,18324
m.romeo.csv,18325
m.romeo.csv,18326
m.romeo.csv,18327
m.romeo.csv,18328
m.romeo.csv,18329
m.romeo.csv,18330
m.romeo.csv,18331
m.romeo.csv,18332
m.romeo.csv,18333
m.romeo.csv,18334
m.romeo.csv,18335
m.romeo.csv,18336
m.romeo.csv,18337
m.romeo.csv,18338
m.romeo.csv,18339
m.romeo.csv,18340
m.romeo.csv,18341
m.romeo.csv,18342
m.romeo.csv,18343
m.romeo.csv,18344
m.romeo.csv,18345
m.romeo.csv,18346
m.romeo.csv,18347
m.romeo.csv,18348
m.romeo.csv,18349
m.romeo.csv,18350
m.romeo.csv,18351
m.romeo.csv,18352
m.romeo.csv,18353
m.romeo.csv,18354
m.romeo.csv,18355
m.romeo.csv,18356
m.romeo.csv,18357
m.romeo.csv,18358
m.romeo.csv,18359
m.romeo.csv,18360
m.romeo.csv,18361
m.romeo.csv,18362
m.romeo.csv,18363
m.romeo.csv,18364
m.romeo.csv,18365
m.romeo.csv,18366
m.romeo.csv,18367
m.romeo.csv,18368
m.romeo.csv,18369
m.romeo.csv,18370
m.romeo.csv,18371
m.romeo.csv,18372
m.romeo.csv,18373
m.romeo.csv,18374
m.romeo.csv,18375
m.romeo.csv,18376
m.romeo.csv,18377
m.romeo.csv,18378
m.romeo.csv,18379
m.romeo.csv,18380
m.romeo.csv,18381
m.romeo.csv,18382
m.romeo.csv,18383
m.romeo.csv,18384
m.romeo.csv,18385
m.romeo.csv,18386
m.romeo.csv,18387
m.romeo.csv,18388
m.romeo.csv,18389
m.romeo.csv,18390
m.romeo.csv,18391
m.romeo.csv,18392
m.romeo.csv,18393
m.romeo.csv,18394
m.romeo.csv,18395
m.romeo.csv,18396
m.romeo.csv,18397
m.romeo.csv,18398
m.romeo.csv,18399
m.romeo.csv,18400
m.romeo.csv,18401
m.romeo.csv,18402
m.romeo.csv,18403
m.romeo.csv,18404
m.romeo.csv,18405
m.romeo.csv,18406
m.romeo.csv,18407
m.romeo.csv,18408
m.romeo.csv,18409
m.romeo.csv,18410
m.romeo.csv,18411
m.romeo.csv,18412
m.romeo.csv,18413
m.romeo.csv,18414
m.romeo.csv,18415
m.romeo.csv,18416
m.romeo.csv,18417
m.romeo.csv,18418
m.romeo.csv,18419
m.romeo.csv,18420
m.romeo.csv,18421
m.romeo.csv,18422
m.romeo.csv,18423
m.romeo.csv,18424
m.romeo.csv,18425
m.romeo.csv,18426
m.romeo.csv,18427
m.romeo.csv,18428
m.romeo.csv,18429
m.romeo.csv,18430
m.romeo.csv,18431
m.romeo.csv,18432
m.romeo.csv,18433
m.romeo.csv,18434
m.romeo.csv,18435
m.romeo.csv,18436
m.romeo.csv,18437
m.romeo.csv,18438
m.romeo.csv,18439
m.romeo.csv,18440
m.romeo.csv,18441
m.romeo.csv,18442
m.romeo.csv,18443
m.romeo.csv,18444
m.romeo.csv,18445
m.romeo.csv,18446
m.romeo.csv,18447
m.romeo.csv,18448
m.romeo.csv,18449
m.romeo.csv,18450
m.romeo.csv,18451
m.romeo.csv,18452
m.romeo.csv,18453
m.romeo.csv,18454
m.romeo.csv,18455
m.romeo.csv,18456
m.romeo.csv,18457
m.romeo.csv,18458
m.romeo.csv,18459
m.romeo.csv,18460
m.romeo.csv,18461
m.romeo.csv,18462
m.romeo.csv,18463
m.romeo.csv,18464
m.romeo.csv,18465
m.romeo.csv,18466
m.romeo.csv,18467
m.romeo.csv,18468
m.romeo.csv,18469
m.romeo.csv,18470
m.romeo.csv,18471
m.romeo.csv,18472
m.romeo.csv,18473
m.romeo.csv,18474
m.romeo.csv,18475
m.romeo.csv,18476
m.romeo.csv,18477
m.romeo.csv,18478
m.romeo.csv,18479
m.romeo.csv,18480
m.romeo.csv,18481
m.romeo.csv,18482
m.romeo.csv,18483
m.romeo.csv,18484
m.romeo.csv,18485
m.romeo.csv,18486
m.romeo.csv,18487
m.romeo.csv,18488
m.romeo.csv,18489
m.romeo.csv,18490
m.romeo.csv,18491
m.romeo.csv,18492
m.romeo.csv,18493
m.romeo.csv,18494
m.romeo.csv,18495
m.romeo.csv,18496
m.romeo.csv,18497
m.romeo.csv,18498
m.romeo.csv,18499
m.romeo.csv,18500
m.romeo.csv,18501
m.romeo.csv,18502
m.romeo.csv,18503
m.romeo.csv,18504
m.romeo.csv,18505
m.romeo.csv,18506
m.romeo.csv,18507
m.romeo.csv,18508
m.romeo.csv,18509
m.romeo.csv,18510
m.romeo.csv,18511
m.romeo.csv,18512
m.romeo.csv,18513
m.romeo.csv,18514
m.romeo.csv,18515
m.romeo.csv,18516
m.romeo.csv,18517
m.romeo.csv,18518
m.romeo.csv,18519
m.romeo.csv,18520
m.romeo.csv,18521
m.romeo.csv,18522
m.romeo.csv,18523
m.romeo.csv,18524
m.romeo.csv,18525
m.romeo.csv,18526
m.romeo.csv,18527
m.romeo.csv,18528
m.romeo.csv,18529
m.romeo.csv,18530
m.romeo.csv,18531
m.romeo.csv,18532
m.romeo.csv,18533
m.romeo.csv,18534
m.romeo.csv,18535
m.romeo.csv,18536
m.romeo.csv,18537
m.romeo.csv,18538
m.romeo.csv,18539
m.romeo.csv,18540
m.romeo.csv,18541
m.romeo.csv,18542
m.romeo.csv,18543
m.romeo.csv,18544
m.romeo.csv,18545
m.romeo.csv,18546
m.romeo.csv,18547
m.romeo.csv,18548
m.romeo.csv,18549
m.romeo.csv,18550
m.romeo.csv,18551
m.romeo.csv,18552
m.romeo.csv,18553
m.romeo.csv,18554
m.romeo.csv,18555
m.romeo.csv,18556
m.romeo.csv,18557
m.romeo.csv,18558
m.romeo.csv,18559
m.romeo.csv,18560
m.romeo.csv,18561
m.romeo.csv,18562
m.romeo.csv,18563
m.romeo.csv,18564
m.romeo.csv,18565
m.romeo.csv,18566
m.romeo.csv,18567
m.romeo.csv,18568
m.romeo.csv,18569
m.romeo.csv,18570
m.romeo.csv,18571
m.romeo.csv,18572
m.romeo.csv,18573
m.romeo.csv,18574
m.romeo.csv,18575
m.romeo.csv,18576
m.romeo.csv,18577
m.romeo.csv,18578
m.romeo.csv,18579
m.romeo.csv,18580
m.romeo.csv,18581
m.romeo.csv,18582
m.romeo.csv,18583
m.romeo.csv,18584
m.romeo.csv,18585
m.romeo.csv,18586
m.romeo.csv,18587
m.romeo.csv,18588
m.romeo.csv,18589
m.romeo.csv,18590
m.romeo.csv,18591
m.romeo.csv,18592
m.romeo.csv,18593
m.romeo.csv,18594
m.romeo.csv,18595
m.romeo.csv,18596
m.romeo.csv,18597
m.romeo.csv,18598
m.romeo.csv,18599
m.romeo.csv,18600
m.romeo.csv,18601
m.romeo.csv,18602
m.romeo.csv,18603
m.romeo.csv,18604
m.romeo.csv,18605
m.romeo.csv,18606
m.romeo.csv,18607
m.romeo.csv,18608
m.romeo.csv,18609
m.romeo.csv,18610
m.romeo.csv,18611
m.romeo.csv,18612
m.romeo.csv,18613
m.romeo.csv,18614
m.romeo.csv,18615
m.romeo.csv,18616
m.romeo.csv,18617
m.romeo.csv,18618
m.romeo.csv,18619
m.romeo.csv,18620
m.romeo.csv,18621
m.romeo.csv,18622
m.romeo.csv,18623
m.romeo.csv,18624
m.romeo.csv,18625
m.romeo.csv,18626
m.romeo.csv,18627
m.romeo.csv,18628
m.romeo.csv,18629
m.romeo.csv,18630
m.romeo.csv,18631
m.romeo.csv,18632
m.romeo.csv,18633
m.romeo.csv,18634
m.romeo.csv,18635
m.romeo.csv,18636
m.romeo.csv,18637
m.romeo.csv,18638
m.romeo.csv,18639
m.romeo.csv,18640
m.romeo.csv,18641
m.romeo.csv,18642
m.romeo.csv,18643
m.romeo.csv,18644
m.romeo.csv,18645
m.romeo.csv,18646
m.romeo.csv,18647
m.romeo.csv,18648
m.romeo.csv,18649
m.romeo.csv,18650
m.romeo.csv,18651
m.romeo.csv,18652
m.romeo.csv,18653
m.romeo.csv,18654
m.romeo.csv,18655
m.romeo.csv,18656
m.romeo.csv,18657
m.romeo.csv,18658
m.romeo.csv,18659
m.romeo.csv,18660
m.romeo.csv,18661
m.romeo.csv,18662
m.romeo.csv,18663
m.romeo.csv,18664
m.romeo.csv,18665
m.romeo.csv,18666
m.romeo.csv,18667
m.romeo.csv,18668
m.romeo.csv,18669
m.romeo.csv,18670
m.romeo.csv,18671
m.romeo.csv,18672
m.romeo.csv,18673
m.romeo.csv,18674
m.romeo.csv,18675
m.romeo.csv,18676
m.romeo.csv,18677
m.romeo.csv,18678
m.romeo.csv,18679
m.romeo.csv,18680
m.romeo.csv,18681
m.romeo.csv,18682
m.romeo.csv,18683
m.romeo.csv,18684
m.romeo.csv,18685
m.romeo.csv,18686
m.romeo.csv,18687
m.romeo.csv,18688
m.romeo.csv,18689
m.romeo.csv,18690
m.romeo.csv,18691
m.romeo.csv,18692
m.romeo.csv,18693
m.romeo.csv,18694
m.romeo.csv,18695
m.romeo.csv,18696
m.romeo.csv,18697
m.romeo.csv,18698
m.romeo.csv,18699
m.romeo.csv,18700
m.romeo.csv,18701
m.romeo.csv,18702
m.romeo.csv,18703
m.romeo.csv,18704
m.romeo.csv,18705
m.romeo.csv,18706
m.romeo.csv,18707
m.romeo.csv,18708
m.romeo.csv,18709
m.romeo.csv,18710
m.romeo.csv,18711
m.romeo.csv,18712
m.romeo.csv,18713
m.romeo.csv,18714
m.romeo.csv,18715
m.romeo.csv,18716
m.romeo.csv,18717
m.romeo.csv,18718
m.romeo.csv,18719
m.romeo.csv,18720
m.romeo.csv,18721
m.romeo.csv,18722
m.romeo.csv,18723
m.romeo.csv,18724
m.romeo.csv,18725
m.romeo.csv,18726
m.romeo.csv,18727
m.romeo.csv,18728
m.romeo.csv,18729
m.romeo.csv,18730
m.romeo.csv,18731
m.romeo.csv,18732
m.romeo.csv,18733
m.romeo.csv,18734
m.romeo.csv,18735
m.romeo.csv,18736
m.romeo.csv,18737
m.romeo.csv,18738
m.romeo.csv,18739
m.romeo.csv,18740
m.romeo.csv,18741
m.romeo.csv,18742
m.romeo.csv,18743
m.romeo.csv,18744
m.romeo.csv,18745
m.romeo.csv,18746
m.romeo.csv,18747
m.romeo.csv,18748
m.romeo.csv,18749
m.romeo.csv,18750
m.romeo.csv,18751
m.romeo.csv,18752
m.romeo.csv,18753
m.romeo.csv,18754
m.romeo.csv,18755
m.romeo.csv,18756
m.romeo.csv,18757
m.romeo.csv,18758
m.romeo.csv,18759
m.romeo.csv,18760
m.romeo.csv,18761
m.romeo.csv,18762
m.romeo.csv,18763
m.romeo.csv,18764
m.romeo.csv,18765
m.romeo.csv,18766
m.romeo.csv,18767
m.romeo.csv,18768
m.romeo.csv,18769
m.romeo.csv,18770
m.romeo.csv,18771
m.romeo.csv,18772
m.romeo.csv,18773
m.romeo.csv,18774
m.romeo.csv,18775
m.romeo.csv,18776
m.romeo.csv,18777
m.romeo.csv,18778
m.romeo.csv,18779
m.romeo.csv,18780
m.romeo.csv,18781
m.romeo.csv,18782
m.romeo.csv,18783
m.romeo.csv,18784
m.romeo.csv,18785
m.romeo.csv,18786
m.romeo.csv,18787
m.romeo.csv,18788
m.romeo.csv,18789
m.romeo.csv,18790
m.romeo.csv,18791
m.romeo.csv,18792
m.romeo.csv,18793
m.romeo.csv,18794
m.romeo.csv,18795
m.romeo.csv,18796
m.romeo.csv,18797
m.romeo.csv,18798
m.romeo.csv,18799
m.romeo.csv,18800
m.romeo.csv,18801
m.romeo.csv,18802
m.romeo.csv,18803
m.romeo.csv,18804
m.romeo.csv,18805
m.romeo.csv,18806
m.romeo.csv,18807
m.romeo.csv,18808
m.romeo.csv,18809
m.romeo.csv,18810
m.romeo.csv,18811
m.romeo.csv,18812
m.romeo.csv,18813
m.romeo.csv,18814
m.romeo.csv,18815
m.romeo.csv,18816
m.romeo.csv,18817
m.romeo.csv,18818
m.romeo.csv,18819
m.romeo.csv,18820
m.romeo.csv,18821
m.romeo.csv,18822
m.romeo.csv,18823
m.romeo.csv,18824
m.romeo.csv,18825
m.romeo.csv,18826
m.romeo.csv,18827
m.romeo.csv,18828
m.romeo.csv,18829
m.romeo.csv,18830
m.romeo.csv,18831
m.romeo.csv,18832
m.romeo.csv,18833
m.romeo.csv,18834
m.romeo.csv,18835
m.romeo.csv,18836
m.romeo.csv,18837
m.romeo.csv,18838
m.romeo.csv,18839
m.romeo.csv,18840
m.romeo.csv,18841
m.romeo.csv,18842
m.romeo.csv,18843
m.romeo.csv,18844
m.romeo.csv,18845
m.romeo.csv,18846
m.romeo.csv,18847
m.romeo.csv,18848
m.romeo.csv,18849
m.romeo.csv,18850
m.romeo.csv,18851
m.romeo.csv,18852
m.romeo.csv,18853
m.romeo.csv,18854
m.romeo.csv,18855
m.romeo.csv,18856
m.romeo.csv,18857
m.romeo.csv,18858
m.romeo.csv,18859
m.romeo.csv,18860
m.romeo.csv,18861
m.romeo.csv,18862
m.romeo.csv,18863
m.romeo.csv,18864
m.romeo.csv,18865
m.romeo.csv,18866
m.romeo.csv,18867
m.romeo.csv,18868
m.romeo.csv,18869
m.romeo.csv,18870
m.romeo.csv,18871
m.romeo.csv,18872
m.romeo.csv,18873
m.romeo.csv,18874
m.romeo.csv,18875
m.romeo.csv,18876
m.romeo.csv,18877
m.romeo.csv,18878
m.romeo.csv,18879
m.romeo.csv,18880
m.romeo.csv,18881
m.romeo.csv,18882
m.romeo.csv,18883
m.romeo.csv,18884
m.romeo.csv,18885
m.romeo.csv,18886
m.romeo.csv,18887
m.romeo.csv,18888
m.romeo.csv,18889
m.romeo.csv,18890
m.romeo.csv,18891
m.romeo.csv,18892
m.romeo.csv,18893
m.romeo.csv,18894
m.romeo.csv,18895
m.romeo.csv,18896
m.romeo.csv,18897
m.romeo.csv,18898
m.romeo.csv,18899
m.romeo.csv,18900
m.romeo.csv,18901
m.romeo.csv,18902
m.romeo.csv,18903
m.romeo.csv,18904
m.romeo.csv,18905
m.romeo.csv,18906
m.romeo.csv,18907
m.romeo.csv,18908
m.romeo.csv,18909
m.romeo.csv,18910
m.romeo.csv,18911
m.romeo.csv,18912
m.romeo.csv,18913
m.romeo.csv,18914
m.romeo.csv,18915
m.romeo.csv,18916
m.romeo.csv,18917
m.romeo.csv,18918
m.romeo.csv,18919
m.romeo.csv,18920
m.romeo.csv,18921
m.romeo.csv,18922
m.romeo.csv,18923
m.romeo.csv,18924
m.romeo.csv,18925
m.romeo.csv,18926
m.romeo.csv,18927
m.romeo.csv,18928
m.romeo.csv,18929
m.romeo.csv,18930
m.romeo.csv,18931
m.romeo.csv,18932
m.romeo.csv,18933
m.romeo.csv,18934
m.romeo.csv,18935
m.romeo.csv,18936
m.romeo.csv,18937
m.romeo.csv,18938
m.romeo.csv,18939
m.romeo.csv,18940
m.romeo.csv,18941
m.romeo.csv,18942
m.romeo.csv,18943
m.romeo.csv,18944
m.romeo.csv,18945
m.romeo.csv,18946
m.romeo.csv,18947
m.romeo.csv,18948
m.romeo.csv,18949
m.romeo.csv,18950
m.romeo.csv,18951
m.romeo.csv,18952
m.romeo.csv,18953
m.romeo.csv,18954
m.romeo.csv,18955
m.romeo.csv,18956
m.romeo.csv,18957
m.romeo.csv,18958
m.romeo.csv,18959
m.romeo.csv,18960
m.romeo.csv,18961
m.romeo.csv,18962
m.romeo.csv,18963
m.romeo.csv,18964
m.romeo.csv,18965
m.romeo.csv,18966
m.romeo.csv,18967
m.romeo.csv,18968
m.romeo.csv,18969
m.romeo.csv,18970
m.romeo.csv,18971
m.romeo.csv,18972
m.romeo.csv,18973
m.romeo.csv,18974
m.romeo.csv,18975
m.romeo.csv,18976
m.romeo.csv,18977
m.romeo.csv,18978
m.romeo.csv,18979
m.romeo.csv,18980
m.romeo.csv,18981
m.romeo.csv,18982
m.romeo.csv,18983
m.romeo.csv,18984
m.romeo.csv,18985
m.romeo.csv,18986
m.romeo.csv,18987
m.romeo.csv,18988
m.romeo.csv,18989
m.romeo.csv,18990
m.romeo.csv,18991
m.romeo.csv,18992
m.romeo.csv,18993
m.romeo.csv,18994
m.romeo.csv,18995
m.romeo.csv,18996
m.romeo.csv,18997
m.romeo.csv,18998
m.romeo.csv,18999
m.romeo.csv,19000
m.romeo.csv,19001
m.romeo.csv,19002
m.romeo.csv,19003
m.romeo.csv,19004
m.romeo.csv,19005
m.romeo.csv,19006
m.romeo.csv,19007
m.romeo.csv,19008
m.romeo.csv,19009
m.romeo.csv,19010
m.romeo.csv,19011
m.romeo.csv,19012
m.romeo.csv,19013
m.romeo.csv,19014
m.romeo.csv,19015
m.romeo.csv,19016
m.romeo.csv,19017
m.romeo.csv,19018
m.romeo.csv,19019
m.romeo.csv,19020
m.romeo.csv,19021
m.romeo.csv,19022
m.romeo.csv,19023
m.romeo.csv,19024
m.romeo.csv,19025
m.romeo.csv,19026
m.romeo.csv,19027
m.romeo.csv,19028
m.romeo.csv,19029
m.romeo.csv,19030
m.romeo.csv,19031
m.romeo.csv,19032
m.romeo.csv,19033
m.romeo.csv,19034
m.romeo.csv,19035
m.romeo.csv,19036
m.romeo.csv,19037
m.romeo.csv,19038
m.romeo.csv,19039
m.romeo.csv,19040
m.romeo.csv,19041
m.romeo.csv,19042
m.romeo.csv,19043
m.romeo.csv,19044
m.romeo.csv,19045
m.romeo.csv,19046
m.romeo.csv,19047
m.romeo.csv,19048
m.romeo.csv,19049
m.romeo.csv,19050
m.romeo.csv,19051
m.romeo.csv,19052
m.romeo.csv,19053
m.romeo.csv,19054
m.romeo.csv,19055
m.romeo.csv,19056
m.romeo.csv,19057
m.romeo.csv,19058
m.romeo.csv,19059
m.romeo.csv,19060
m.romeo.csv,19061
m.romeo.csv,19062
m.romeo.csv,19063
m.romeo.csv,19064
m.romeo.csv,19065
m.romeo.csv,19066
m.romeo.csv,19067
m.romeo.csv,19068
m.romeo.csv,19069
m.romeo.csv,19070
m.romeo.csv,19071
m.romeo.csv,19072
m.romeo.csv,19073
m.romeo.csv,19074
m.romeo.csv,19075
m.romeo.csv,19076
m.romeo.csv,19077
m.romeo.csv,19078
m.romeo.csv,19079
m.romeo.csv,19080
m.romeo.csv,19081
m.romeo.csv,19082
m.romeo.csv,19083
m.romeo.csv,19084
m.romeo.csv,19085
m.romeo.csv,19086
m.romeo.csv,19087
m.romeo.csv,19088
m.romeo.csv,19089
m.romeo.csv,19090
m.romeo.csv,19091
m.romeo.csv,19092
m.romeo.csv,19093
m.romeo.csv,19094
m.romeo.csv,19095
m.romeo.csv,19096
m.romeo.csv,19097
m.romeo.csv,19098
m.romeo.csv,19099
m.romeo.csv,19100
m.romeo.csv,19101
m.romeo.csv,19102
m.romeo.csv,19103
m.romeo.csv,19104
m.romeo.csv,19105
m.romeo.csv,19106
m.romeo.csv,19107
m.romeo.csv,19108
m.romeo.csv,19109
m.romeo.csv,19110
m.romeo.csv,19111
m.romeo.csv,19112
m.romeo.csv,19113
m.romeo.csv,19114
m.romeo.csv,19115
m.romeo.csv,19116
m.romeo.csv,19117
m.romeo.csv,19118
m.romeo.csv,19119
m.romeo.csv,19120
m.romeo.csv,19121
m.romeo.csv,19122
m.romeo.csv,19123
m.romeo.csv,19124
m.romeo.csv,19125
m.romeo.csv,19126
m.romeo.csv,19127
m.romeo.csv,19128
m.romeo.csv,19129
m.romeo.csv,19130
m.romeo.csv,19131
m.romeo.csv,19132
m.romeo.csv,19133
m.romeo.csv,19134
m.romeo.csv,19135
m.romeo.csv,19136
m.romeo.csv,19137
m.romeo.csv,19138
m.romeo.csv,19139
m.romeo.csv,19140
m.romeo.csv,19141
m.romeo.csv,19142
m.romeo.csv,19143
m.romeo.csv,19144
m.romeo.csv,19145
m.romeo.csv,19146
m.romeo.csv,19147
m.romeo.csv,19148
m.romeo.csv,19149
m.romeo.csv,19150
m.romeo.csv,19151
m.romeo.csv,19152
m.romeo.csv,19153
m.romeo.csv,19154
m.romeo.csv,19155
m.romeo.csv,19156
m.romeo.csv,19157
m.romeo.csv,19158
m.romeo.csv,19159
m.romeo.csv,19160
m.romeo.csv,19161
m.romeo.csv,19162
m.romeo.csv,19163
m.romeo.csv,19164
m.romeo.csv,19165
m.romeo.csv,19166
m.romeo.csv,19167
m.romeo.csv,19168
m.romeo.csv,19169
m.romeo.csv,19170
m.romeo.csv,19171
m.romeo.csv,19172
m.romeo.csv,19173
m.romeo.csv,19174
m.romeo.csv,19175
m.romeo.csv,19176
m.romeo.csv,19177
m.romeo.csv,19178
m.romeo.csv,19179
m.romeo.csv,19180
m.romeo.csv,19181
m.romeo.csv,19182
m.romeo.csv,19183
m.romeo.csv,19184
m.romeo.csv,19185
m.romeo.csv,19186
m.romeo.csv,19187
m.romeo.csv,19188
m.romeo.csv,19189
m.romeo.csv,19190
m.romeo.csv,19191
m.romeo.csv,19192
m.romeo.csv,19193
m.romeo.csv,19194
m.romeo.csv,19195
m.romeo.csv,19196
m.romeo.csv,19197
m.romeo.csv,19198
m.romeo.csv,19199
m.romeo.csv,19200
m.romeo.csv,19201
m.romeo.csv,19202
m.romeo.csv,19203
m.romeo.csv,19204
m.romeo.csv,19205
m.romeo.csv,19206
m.romeo.csv,19207
m.romeo.csv,19208
m.romeo.csv,19209
m.romeo.csv,19210
m.romeo.csv,19211
m.romeo.csv,19212
m.romeo.csv,19213
m.romeo.csv,19214
m.romeo.csv,19215
m.romeo.csv,19216
m.romeo.csv,19217
m.romeo.csv,19218
m.romeo.csv,19219
m.romeo.csv,19220
m.romeo.csv,19221
m.romeo.csv,19222
m.romeo.csv,19223
m.romeo.csv,19224
m.romeo.csv,19225
m.romeo.csv,19226
m.romeo.csv,19227
m.romeo.csv,19228
m.romeo.csv,19229
m.romeo.csv,19230
m.romeo.csv,19231
m.romeo.csv,19232
m.romeo.csv,19233
m.romeo.csv,19234
m.romeo.csv,19235
m.romeo.csv,19236
m.romeo.csv,19237
m.romeo.csv,19238
m.romeo.csv,19239
m.romeo.csv,19240
m.romeo.csv,19241
m.romeo.csv,19242
m.romeo.csv,19243
m.romeo.csv,19244
m.romeo.csv,19245
m.romeo.csv,19246
m.romeo.csv,19247
m.romeo.csv,19248
m.romeo.csv,19249
m.romeo.csv,19250
m.romeo.csv,19251
m.romeo.csv,19252
m.romeo.csv,19253
m.romeo.csv,19254
m.romeo.csv,19255
m.romeo.csv,19256
m.romeo.csv,19257
m.romeo.csv,19258
m.romeo.csv,19259
m.romeo.csv,19260
m.romeo.csv,19261
m.romeo.csv,19262
m.romeo.csv,19263
m.romeo.csv,19264
m.romeo.csv,19265
m.romeo.csv,19266
m.romeo.csv,19267
m.romeo.csv,19268
m.romeo.csv,19269
m.romeo.csv,19270
m.romeo.csv,19271
m.romeo.csv,19272
m.romeo.csv,19273
m.romeo.csv,19274
m.romeo.csv,19275
m.romeo.csv,19277
m.romeo.csv,19278
m.romeo.csv,19279
m.romeo.csv,19280
m.romeo.csv,20946
m.romeo.csv,20947
m.romeo.csv,20948
m.romeo.csv,20949
m.romeo.csv,20950
m.romeo.csv,20951
m.romeo.csv,20952
m.romeo.csv,20953
m.romeo.csv,20954
m.romeo.csv,20955
m.romeo.csv,20956
m.romeo.csv,20957
m.romeo.csv,20958
m.romeo.csv,20959
m.romeo.csv,20960
m.romeo.csv,20961
m.romeo.csv,20962
m.romeo.csv,20963
m.romeo.csv,20964
m.romeo.csv,20965
m.romeo.csv,20966
m.romeo.csv,20967
m.romeo.csv,20968
m.romeo.csv,20969
m.romeo.csv,20970
m.romeo.csv,20971
m.romeo.csv,20972
m.romeo.csv,20973
m.romeo.csv,20974
m.romeo.csv,20975
m.romeo.csv,20976
m.romeo.csv,20977
m.romeo.csv,20978
m.romeo.csv,20979
m.romeo.csv,20980
m.romeo.csv,20981
m.romeo.csv,20982
m.romeo.csv,20983
m.romeo.csv,20984
m.romeo.csv,20985
m.romeo.csv,20986
m.romeo.csv,20987
m.romeo.csv,20988
m.romeo.csv,20989
m.romeo.csv,20990
m.romeo.csv,20991
m.romeo.csv,20992
m.romeo.csv,20993
m.romeo.csv,20994
m.romeo.csv,20995
m.romeo.csv,20996
m.romeo.csv,20997
m.romeo.csv,20998
m.romeo.csv,20999
m.romeo.csv,21000
m.romeo.csv,21001
m.romeo.csv,21002
m.romeo.csv,21003
m.romeo.csv,21004
m.romeo.csv,21005
m.romeo.csv,21006
m.romeo.csv,21007
m.romeo.csv,21008
m.romeo.csv,21009
m.romeo.csv,21010
m.romeo.csv,21011
m.romeo.csv,21012
m.romeo.csv,21013
m.romeo.csv,21014
m.romeo.csv,21015
m.romeo.csv,21016
m.romeo.csv,21017
m.romeo.csv,21018
m.romeo.csv,21019
m.romeo.csv,21020
m.romeo.csv,21021
m.romeo.csv,21022
m.romeo.csv,21023
m.romeo.csv,21024
m.romeo.csv,21025
m.romeo.csv,21026
m.romeo.csv,21027
m.romeo.csv,21028
m.romeo.csv,21029
m.romeo.csv,21030
m.romeo.csv,21031
m.romeo.csv,21032
m.romeo.csv,21033
m.romeo.csv,21034
m.romeo.csv,21035
m.romeo.csv,21036
m.romeo.csv,21037
m.romeo.csv,21038
m.romeo.csv,21039
m.romeo.csv,21040
m.romeo.csv,21041
m.romeo.csv,21042
m.romeo.csv,21043
m.romeo.csv,21044
m.romeo.csv,21045
m.romeo.csv,21046
m.romeo.csv,21047
m.romeo.csv,21048
m.romeo.csv,21049
m.romeo.csv,21050
m.romeo.csv,21051
m.romeo.csv,21052
m.romeo.csv,21053
m.romeo.csv,21054
m.romeo.csv,21055
m.romeo.csv,21056
m.romeo.csv,21057
m.romeo.csv,21058
m.romeo.csv,21059
m.romeo.csv,21060
m.romeo.csv,21061
m.romeo.csv,21062
m.romeo.csv,21063
m.romeo.csv,21064
m.romeo.csv,21065
m.romeo.csv,21066
m.romeo.csv,21067
m.romeo.csv,21068
m.romeo.csv,21069
m.romeo.csv,21070
m.romeo.csv,21071
m.romeo.csv,21072
m.romeo.csv,21073
m.romeo.csv,21074
m.romeo.csv,21075
m.romeo.csv,21076
m.romeo.csv,21077
m.romeo.csv,21078
m.romeo.csv,21079
m.romeo.csv,21080
m.romeo.csv,21081
m.romeo.csv,21082
m.romeo.csv,21083
m.romeo.csv,21084
m.romeo.csv,21085
m.romeo.csv,21086
m.romeo.csv,21087
m.romeo.csv,21088
m.romeo.csv,21089
m.romeo.csv,21090
m.romeo.csv,21091
m.romeo.csv,21092
m.romeo.csv,21093
m.romeo.csv,21094
m.romeo.csv,21095
m.romeo.csv,21096
m.romeo.csv,21097
m.romeo.csv,21098
m.romeo.csv,21099
m.romeo.csv,21100
m.romeo.csv,21101
m.romeo.csv,21102
m.romeo.csv,21103
m.romeo.csv,21104
m.romeo.csv,21105
m.romeo.csv,21106
m.romeo.csv,21107
m.romeo.csv,21108
m.romeo.csv,21109
m.romeo.csv,21110
m.romeo.csv,21111
m.romeo.csv,21112
m.romeo.csv,21113
m.romeo.csv,21114
m.romeo.csv,21115
m.romeo.csv,21116
m.romeo.csv,21117
m.romeo.csv,21118
m.romeo.csv,21119
m.romeo.csv,21120
m.romeo.csv,21121
m.romeo.csv,21122
m.romeo.csv,21123
m.romeo.csv,21124
m.romeo.csv,21125
m.romeo.csv,21126
m.romeo.csv,21127
m.romeo.csv,21128
m.romeo.csv,21129
m.romeo.csv,21130
m.romeo.csv,21131
m.romeo.csv,21132
m.romeo.csv,21133
m.romeo.csv,21134
m.romeo.csv,21135
m.romeo.csv,21136
m.romeo.csv,21137
m.romeo.csv,21138
m.romeo.csv,21139
m.romeo.csv,21140
m.romeo.csv,21141
m.romeo.csv,21142
m.romeo.csv,21143
m.romeo.csv,21144
m.romeo.csv,21145
m.romeo.csv,21146
m.romeo.csv,21147
m.romeo.csv,21148
m.romeo.csv,21149
m.romeo.csv,21150
m.romeo.csv,21151
m.romeo.csv,21152
m.romeo.csv,21153
m.romeo.csv,21154
m.romeo.csv,21155
m.romeo.csv,21156
m.romeo.csv,21157
m.romeo.csv,21158
m.romeo.csv,21159
m.romeo.csv,21160
m.romeo.csv,21161
m.romeo.csv,21162
m.romeo.csv,21163
m.romeo.csv,21164
m.romeo.csv,21165
m.romeo.csv,21166
m.romeo.csv,21167
m.romeo.csv,21168
m.romeo.csv,21169
m.romeo.csv,21170
m.romeo.csv,21171
m.romeo.csv,21172
m.romeo.csv,21173
m.romeo.csv,21174
m.romeo.csv,21175
m.romeo.csv,21176
m.romeo.csv,21177
m.romeo.csv,21178
m.romeo.csv,21179
m.romeo.csv,21180
m.romeo.csv,21181
m.romeo.csv,21182
m.romeo.csv,21183
m.romeo.csv,21184
m.romeo.csv,21185
m.romeo.csv,21186
m.romeo.csv,21187
m.romeo.csv,21188
m.romeo.csv,21189
m.romeo.csv,21190
m.romeo.csv,21191
m.romeo.csv,21192
m.romeo.csv,21193
m.romeo.csv,21194
m.romeo.csv,21195
m.romeo.csv,21196
m.romeo.csv,21197
m.romeo.csv,21198
m.romeo.csv,21199
m.romeo.csv,21200
m.romeo.csv,21201
m.romeo.csv,21202
m.romeo.csv,21203
m.romeo.csv,21204
m.romeo.csv,21205
m.romeo.csv,21206
m.romeo.csv,21207
m.romeo.csv,21208
m.romeo.csv,21209
m.romeo.csv,21210
m.romeo.csv,21211
m.romeo.csv,21212
m.romeo.csv,21213
m.romeo.csv,21214
m.romeo.csv,21215
m.romeo.csv,21216
m.romeo.csv,21217
m.romeo.csv,21218
m.romeo.csv,21219
m.romeo.csv,21220
m.romeo.csv,21221
m.romeo.csv,21222
m.romeo.csv,21223
m.romeo.csv,21224
m.romeo.csv,21225
m.romeo.csv,21226
m.romeo.csv,21227
m.romeo.csv,21228
m.romeo.csv,21229
m.romeo.csv,21230
m.romeo.csv,21231
m.romeo.csv,21232
m.romeo.csv,21233
m.romeo.csv,21234
m.romeo.csv,21235
m.romeo.csv,21236
m.romeo.csv,21237
m.romeo.csv,21238
m.romeo.csv,22776
m.romeo.csv,22778
m.romeo.csv,22779
m.romeo.csv,22780
m.romeo.csv,22781
m.romeo.csv,22801
m.romeo.csv,22804
m.romeo.csv,22805
m.romeo.csv,22806
m.romeo.csv,22807
m.romeo.csv,22808
m.romeo.csv,22811
m.romeo.csv,22812
m.romeo.csv,22813
m.romeo.csv,22814
m.romeo.csv,22815
m.romeo.csv,22816
m.romeo.csv,22817
m.romeo.csv,22818
m.romeo.csv,22819
m.romeo.csv,22821
m.romeo.csv,22822
m.romeo.csv,22823
m.romeo.csv,22824
m.romeo.csv,22825
m.romeo.csv,22826
m.romeo.csv,22827
m.romeo.csv,22828
m.romeo.csv,22829
m.romeo.csv,22830
m.romeo.csv,22833
m.romeo.csv,22834
m.romeo.csv,22836
m.romeo.csv,22837
m.romeo.csv,22845
m.romeo.csv,22846
m.romeo.csv,22847
m.romeo.csv,22848
m.romeo.csv,22849
m.romeo.csv,22853
m.romeo.csv,22856
m.romeo.csv,22857
m.romeo.csv,22859
m.romeo.csv,22861
m.romeo.csv,22868
m.romeo.csv,22870
m.romeo.csv,22871
m.romeo.csv,22872
m.romeo.csv,22873
m.romeo.csv,22881
m.romeo.csv,22882
m.romeo.csv,22883
m.romeo.csv,22884
m.romeo.csv,22885
m.romeo.csv,22890
m.romeo.csv,22891
m.romeo.csv,22892
m.romeo.csv,22893
m.romeo.csv,22894
m.romeo.csv,22895
m.romeo.csv,22898
m.romeo.csv,22899
m.romeo.csv,22900
m.romeo.csv,22901
m.romeo.csv,22902
m.romeo.csv,22906
m.romeo.csv,22907
m.romeo.csv,22908
m.romeo.csv,22909
s.gallucci.csv,12281
s.gallucci.csv,12290
s.gallucci.csv,12298
v.bedeschi.csv,7
v.bedeschi.csv,8
v.bedeschi.csv,13
v.bedeschi.csv,19
v.bedeschi.csv,139
v.bedeschi.csv,146
v.bedeschi.csv,147
v.bedeschi.csv,148
v.bedeschi.csv,150
v.bedeschi.csv,255
v.bedeschi.csv,261
v.bedeschi.csv,262
v.bedeschi.csv,267
v.bedeschi.csv,271
v.bedeschi.csv,459
v.bedeschi.csv,470
v.bedeschi.csv,471
v.bedeschi.csv,479
v.bedeschi.csv,486
v.bedeschi.csv,599
v.bedeschi.csv,606
v.bedeschi.csv,608
v.bedeschi.csv,616
v.bedeschi.csv,618
v.bedeschi.csv,729
v.bedeschi.csv,736
v.bedeschi.csv,737
v.bedeschi.csv,743
v.bedeschi.csv,744
v.bedeschi.csv,773
v.bedeschi.csv,781
v.bedeschi.csv,783
v.bedeschi.csv,786
v.bedeschi.csv,788
v.bedeschi.csv,801
v.bedeschi.csv,839
v.bedeschi.csv,840
v.bedeschi.csv,851
v.bedeschi.csv,874
v.bedeschi.csv,993
v.bedeschi.csv,1002
v.bedeschi.csv,1003
v.bedeschi.csv,1012
v.bedeschi.csv,1014
v.bedeschi.csv,1122
v.bedeschi.csv,1144
v.bedeschi.csv,1145
v.bedeschi.csv,1154
v.bedeschi.csv,1320
v.bedeschi.csv,1328
v.bedeschi.csv,1329
v.bedeschi.csv,1333
v.bedeschi.csv,1497
v.bedeschi.csv,1505
v.bedeschi.csv,1506
v.bedeschi.csv,1511
v.bedeschi.csv,1700
v.bedeschi.csv,1711
v.bedeschi.csv,1712
v.bedeschi.csv,1717
v.bedeschi.csv,1747
v.bedeschi.csv,1754
v.bedeschi.csv,1755
v.bedeschi.csv,1757
v.bedeschi.csv,1761
v.bedeschi.csv,1814
v.bedeschi.csv,1815
v.bedeschi.csv,1819
v.bedeschi.csv,1961
v.bedeschi.csv,1977
v.bedeschi.csv,1978
v.bedeschi.csv,1984
v.bedeschi.csv,2165
v.bedeschi.csv,2177
v.bedeschi.csv,2179
v.bedeschi.csv,2183
v.bedeschi.csv,2321
v.bedeschi.csv,2335
v.bedeschi.csv,2337
v.bedeschi.csv,2340
v.bedeschi.csv,2541
v.bedeschi.csv,2555
v.bedeschi.csv,2557
v.bedeschi.csv,2561
v.bedeschi.csv,2695
v.bedeschi.csv,2702
v.bedeschi.csv,2704
v.bedeschi.csv,2706
v.bedeschi.csv,2763
v.bedeschi.csv,2768
v.bedeschi.csv,2769
v.bedeschi.csv,2771
v.bedeschi.csv,2781
v.bedeschi.csv,2811
v.bedeschi.csv,2812
v.bedeschi.csv,2817
v.bedeschi.csv,2987
v.bedeschi.csv,2993
v.bedeschi.csv,2994
v.bedeschi.csv,2998
v.bedeschi.csv,3162
v.bedeschi.csv,3168
v.bedeschi.csv,3169
v.bedeschi.csv,3172
v.bedeschi.csv,3359
v.bedeschi.csv,3367
v.bedeschi.csv,3369
v.bedeschi.csv,3371
v.bedeschi.csv,3510
v.bedeschi.csv,3519
v.bedeschi.csv,3520
v.bedeschi.csv,3523
v.bedeschi.csv,3666
v.bedeschi.csv,3672
v.bedeschi.csv,3674
v.bedeschi.csv,3678
v.bedeschi.csv,3708
v.bedeschi.csv,3714
v.bedeschi.csv,3715
v.bedeschi.csv,3719
v.bedeschi.csv,3723
v.bedeschi.csv,3752
v.bedeschi.csv,3753
v.bedeschi.csv,3760
v.bedeschi.csv,3900
v.bedeschi.csv,3906
v.bedeschi.csv,3907
v.bedeschi.csv,3910
v.bedeschi.csv,4034
v.bedeschi.csv,4047
v.bedeschi.csv,4048
v.bedeschi.csv,4049
v.bedeschi.csv,4214
v.bedeschi.csv,4222
v.bedeschi.csv,4223
v.bedeschi.csv,4232
v.bedeschi.csv,4379
v.bedeschi.csv,4388
v.bedeschi.csv,4390
v.bedeschi.csv,4392
v.bedeschi.csv,4555
v.bedeschi.csv,4556
v.bedeschi.csv,4560
v.bedeschi.csv,4580
v.bedeschi.csv,4584
v.bedeschi.csv,4585
v.bedeschi.csv,4586
v.bedeschi.csv,4599
v.bedeschi.csv,4615
v.bedeschi.csv,4616
v.bedeschi.csv,4622
v.bedeschi.csv,4661
v.bedeschi.csv,4666
v.bedeschi.csv,4667
v.bedeschi.csv,4670
v.bedeschi.csv,4772
v.bedeschi.csv,4780
v.bedeschi.csv,4782
v.bedeschi.csv,4786
v.bedeschi.csv,4925
v.bedeschi.csv,4939
v.bedeschi.csv,4940
v.bedeschi.csv,4945
v.bedeschi.csv,5062
v.bedeschi.csv,5072
v.bedeschi.csv,5073
v.bedeschi.csv,5077
v.bedeschi.csv,5226
v.bedeschi.csv,5234
v.bedeschi.csv,5235
v.bedeschi.csv,5236
v.bedeschi.csv,5260
v.bedeschi.csv,5266
v.bedeschi.csv,5267
v.bedeschi.csv,5269
v.bedeschi.csv,5276
v.bedeschi.csv,5310
v.bedeschi.csv,5311
v.bedeschi.csv,5315
v.bedeschi.csv,5425
v.bedeschi.csv,5434
v.bedeschi.csv,5435
v.bedeschi.csv,5439
v.bedeschi.csv,5625
v.bedeschi.csv,5637
v.bedeschi.csv,5638
v.bedeschi.csv,5641
v.bedeschi.csv,5759
v.bedeschi.csv,5768
v.bedeschi.csv,5769
v.bedeschi.csv,5770
v.bedeschi.csv,5886
v.bedeschi.csv,5895
v.bedeschi.csv,5897
v.bedeschi.csv,5901
v.bedeschi.csv,6023
v.bedeschi.csv,6029
v.bedeschi.csv,6030
v.bedeschi.csv,6034
v.bedeschi.csv,6064
v.bedeschi.csv,6067
v.bedeschi.csv,6068
v.bedeschi.csv,6069
v.bedeschi.csv,6074
v.bedeschi.csv,6093
v.bedeschi.csv,6094
v.bedeschi.csv,6098
v.bedeschi.csv,6196
v.bedeschi.csv,6204
v.bedeschi.csv,6205
v.bedeschi.csv,6210
v.bedeschi.csv,6361
v.bedeschi.csv,6376
v.bedeschi.csv,6378
v.bedeschi.csv,6386
v.bedeschi.csv,6511
v.bedeschi.csv,6523
v.bedeschi.csv,6524
v.bedeschi.csv,6530
v.bedeschi.csv,6659
v.bedeschi.csv,6668
v.bedeschi.csv,6669
v.bedeschi.csv,6673
v.bedeschi.csv,6791
v.bedeschi.csv,6797
v.bedeschi.csv,6798
v.bedeschi.csv,6800
v.bedeschi.csv,6821
v.bedeschi.csv,6824
v.bedeschi.csv,6825
v.bedeschi.csv,6828
v.bedeschi.csv,6830
v.bedeschi.csv,6866
v.bedeschi.csv,6867
v.bedeschi.csv,6873
v.bedeschi.csv,6955
v.bedeschi.csv,6963
v.bedeschi.csv,6964
v.bedeschi.csv,6970
v.bedeschi.csv,7137
v.bedeschi.csv,7150
v.bedeschi.csv,7152
v.bedeschi.csv,7160
v.bedeschi.csv,7324
v.bedeschi.csv,7328
v.bedeschi.csv,7329
v.bedeschi.csv,7334
v.bedeschi.csv,7430
v.bedeschi.csv,7440
v.bedeschi.csv,7441
v.bedeschi.csv,7444
v.bedeschi.csv,7496
v.bedeschi.csv,7502
v.bedeschi.csv,7503
v.bedeschi.csv,7504
v.bedeschi.csv,7537
v.bedeschi.csv,7542
v.bedeschi.csv,7543
v.bedeschi.csv,7545
v.bedeschi.csv,7548
v.bedeschi.csv,7582
v.bedeschi.csv,7583
v.bedeschi.csv,7586
v.bedeschi.csv,7706
v.bedeschi.csv,7718
v.bedeschi.csv,7719
v.bedeschi.csv,7723
v.bedeschi.csv,7852
v.bedeschi.csv,7861
v.bedeschi.csv,7864
v.bedeschi.csv,7869
v.bedeschi.csv,8036
v.bedeschi.csv,8041
v.bedeschi.csv,8042
v.bedeschi.csv,8046
v.bedeschi.csv,8239
v.bedeschi.csv,8252
v.bedeschi.csv,8253
v.bedeschi.csv,8255
v.bedeschi.csv,8418
v.bedeschi.csv,8426
v.bedeschi.csv,8428
v.bedeschi.csv,8434
v.bedeschi.csv,8460
v.bedeschi.csv,8464
v.bedeschi.csv,8466
v.bedeschi.csv,8468
v.bedeschi.csv,8470
v.bedeschi.csv,8502
v.bedeschi.csv,8503
v.bedeschi.csv,8508
v.bedeschi.csv,8529
v.bedeschi.csv,8629
v.bedeschi.csv,8639
v.bedeschi.csv,8641
v.bedeschi.csv,8647
v.bedeschi.csv,8768
v.bedeschi.csv,8778
v.bedeschi.csv,8780
v.bedeschi.csv,8781
v.bedeschi.csv,8952
v.bedeschi.csv,8967
v.bedeschi.csv,8968
v.bedeschi.csv,8976
v.bedeschi.csv,9113
v.bedeschi.csv,9123
v.bedeschi.csv,9124
v.bedeschi.csv,9130
v.bedeschi.csv,9257
v.bedeschi.csv,9263
v.bedeschi.csv,9264
v.bedeschi.csv,9266
v.bedeschi.csv,9303
v.bedeschi.csv,9309
v.bedeschi.csv,9310
v.bedeschi.csv,9312
v.bedeschi.csv,9319
v.bedeschi.csv,9337
v.bedeschi.csv,9338
v.bedeschi.csv,9344
v.bedeschi.csv,9500
v.bedeschi.csv,9508
v.bedeschi.csv,9510
v.bedeschi.csv,9513
v.bedeschi.csv,9555
v.bedeschi.csv,9556
v.bedeschi.csv,9567
v.bedeschi.csv,9617
v.bedeschi.csv,9625
v.bedeschi.csv,9627
v.bedeschi.csv,9697
v.bedeschi.csv,9772
v.bedeschi.csv,9794
v.bedeschi.csv,9798
v.bedeschi.csv,9825
v.bedeschi.csv,9827
v.bedeschi.csv,9836
v.bedeschi.csv,9936
v.bedeschi.csv,9943
v.bedeschi.csv,9951
v.bedeschi.csv,10075
v.bedeschi.csv,10083
v.bedeschi.csv,10089
v.bedeschi.csv,10136
v.bedeschi.csv,10140
v.bedeschi.csv,10142
v.bedeschi.csv,10149
v.bedeschi.csv,10175
v.bedeschi.csv,10179
v.bedeschi.csv,10275
v.bedeschi.csv,10283
v.bedeschi.csv,10289
v.bedeschi.csv,10420
v.bedeschi.csv,10431
v.bedeschi.csv,10435
v.bedeschi.csv,10598
v.bedeschi.csv,10607
v.bedeschi.csv,10613
v.bedeschi.csv,10760
v.bedeschi.csv,10771
v.bedeschi.csv,10781
v.bedeschi.csv,10950
v.bedeschi.csv,10964
v.bedeschi.csv,10972
v.bedeschi.csv,10989
v.bedeschi.csv,10993
v.bedeschi.csv,10999
v.bedeschi.csv,11011
v.bedeschi.csv,11038
v.bedeschi.csv,11047
v.bedeschi.csv,11183
v.bedeschi.csv,11196
v.bedeschi.csv,11199
v.bedeschi.csv,11322
v.bedeschi.csv,11335
v.bedeschi.csv,11339
v.bedeschi.csv,11542
v.bedeschi.csv,11574
v.bedeschi.csv,11744
v.bedeschi.csv,11754
v.bedeschi.csv,11759
v.bedeschi.csv,11918
v.bedeschi.csv,11932
v.bedeschi.csv,11940
v.bedeschi.csv,11967
v.bedeschi.csv,11970
v.bedeschi.csv,11972
v.bedeschi.csv,11976
v.bedeschi.csv,12009
v.bedeschi.csv,12014
v.bedeschi.csv,12141
v.bedeschi.csv,12148
v.bedeschi.csv,12152
v.bedeschi.csv,12329
v.bedeschi.csv,12334
v.bedeschi.csv,12338
v.bedeschi.csv,12492
v.bedeschi.csv,12498
v.bedeschi.csv,12502
v.bedeschi.csv,12680
v.bedeschi.csv,12691
v.bedeschi.csv,12692
v.bedeschi.csv,12885
v.bedeschi.csv,12892
v.bedeschi.csv,12894
v.bedeschi.csv,12903
v.bedeschi.csv,12916
v.bedeschi.csv,12924
v.bedeschi.csv,13236
v.bedeschi.csv,13243
v.bedeschi.csv,13245
v.bedeschi.csv,13380
v.bedeschi.csv,13387
v.bedeschi.csv,13392
v.bedeschi.csv,13558
v.bedeschi.csv,13567
v.bedeschi.csv,13572
v.bedeschi.csv,13674
v.bedeschi.csv,13681
v.bedeschi.csv,13682
v.bedeschi.csv,13700
v.bedeschi.csv,13703
v.bedeschi.csv,13704
v.bedeschi.csv,13728
v.bedeschi.csv,13729
v.bedeschi.csv,14367
v.bedeschi.csv,14370
v.bedeschi.csv,14520
v.bedeschi.csv,14521
v.bedeschi.csv,14552
v.bedeschi.csv,14554
v.bedeschi.csv,14557
v.bedeschi.csv,14577
v.bedeschi.csv,14729
v.bedeschi.csv,14744
v.bedeschi.csv,14747
v.bedeschi.csv,14939
v.bedeschi.csv,14944
v.bedeschi.csv,15090
v.bedeschi.csv,15094
v.bedeschi.csv,15309
v.bedeschi.csv,15314
v.bedeschi.csv,15542
v.bedeschi.csv,15544
v.bedeschi.csv,15588
v.bedeschi.csv,15590
v.bedeschi.csv,15592
v.bedeschi.csv,15628
v.bedeschi.csv,15815
v.bedeschi.csv,15820
v.bedeschi.csv,16006
v.bedeschi.csv,16009
v.bedeschi.csv,16203
v.bedeschi.csv,16206
v.bedeschi.csv,16358
v.bedeschi.csv,16362
v.bedeschi.csv,17003
v.bedeschi.csv,17008
v.bedeschi.csv,17155
v.bedeschi.csv,17158
v.bedeschi.csv,17320
v.bedeschi.csv,17321
v.bedeschi.csv,17752
v.bedeschi.csv,17753
v.bedeschi.csv,17925
v.bedeschi.csv,17927
v.bedeschi.csv,18084
v.bedeschi.csv,18087
v.bedeschi.csv,18250
v.bedeschi.csv,18253
v.bedeschi.csv,18413
v.bedeschi.csv,18416
v.bedeschi.csv,18444
v.bedeschi.csv,18446
v.bedeschi.csv,18447
v.bedeschi.csv,18464
v.bedeschi.csv,18591
v.bedeschi.csv,18593
v.bedeschi.csv,18732
v.bedeschi.csv,18733
v.bedeschi.csv,18835
v.bedeschi.csv,18837
v.bedeschi.csv,18911
v.bedeschi.csv,18915
v.bedeschi.csv,18990
v.bedeschi.csv,18999
v.bedeschi.csv,19008
v.bedeschi.csv,19019
v.bedeschi.csv,19020
v.bedeschi.csv,19065
v.bedeschi.csv,19066
v.bedeschi.csv,19069
v.bedeschi.csv,19085
v.bedeschi.csv,19147
v.bedeschi.csv,19149
v.bedeschi.csv,19200
v.bedeschi.csv,19203
v.bedeschi.csv,19296
v.bedeschi.csv,19301
v.bedeschi.csv,19442
v.bedeschi.csv,19451
v.bedeschi.csv,19457
v.bedeschi.csv,19576
v.bedeschi.csv,19580
v.bedeschi.csv,19584
v.bedeschi.csv,19586
v.bedeschi.csv,19589
v.bedeschi.csv,19597
v.bedeschi.csv,19598
v.bedeschi.csv,19599
v.bedeschi.csv,19600
v.bedeschi.csv,19642
v.bedeschi.csv,19706
v.bedeschi.csv,19708
v.bedeschi.csv,19730
v.bedeschi.csv,19732
v.bedeschi.csv,19846
v.bedeschi.csv,19849
v.bedeschi.csv,20057
v.bedeschi.csv,20059
v.bedeschi.csv,20193
v.bedeschi.csv,20194
v.bedeschi.csv,20222
v.bedeschi.csv,20224
v.bedeschi.csv,20231
v.bedeschi.csv,20258
v.bedeschi.csv,20420
v.bedeschi.csv,20421
v.bedeschi.csv,20603
v.bedeschi.csv,20606
v.bedeschi.csv,20767
v.bedeschi.csv,20770
v.bedeschi.csv,20998
v.bedeschi.csv,21001
v.bedeschi.csv,21136
v.bedeschi.csv,21141
v.bedeschi.csv,21149
v.bedeschi.csv,21151
v.bedeschi.csv,21157
v.bedeschi.csv,21182
v.bedeschi.csv,21185
v.bedeschi.csv,21204
v.bedeschi.csv,21206
v.bedeschi.csv,21219
v.bedeschi.csv,21220
v.bedeschi.csv,21221
v.bedeschi.csv,21223
v.bedeschi.csv,21272
v.bedeschi.csv,21274
v.bedeschi.csv,21276
v.bedeschi.csv,21497
v.bedeschi.csv,21502
v.bedeschi.csv,21699
v.bedeschi.csv,21747
v.bedeschi.csv,21749
v.bedeschi.csv,21925
v.bedeschi.csv,21927
v.bedeschi.csv,22127
v.bedeschi.csv,22129
v.bedeschi.csv,22221
v.bedeschi.csv,22222
v.bedeschi.csv,22252
v.bedeschi.csv,22256
v.bedeschi.csv,22258
v.bedeschi.csv,22285
v.bedeschi.csv,22389
v.bedeschi.csv,22392
v.bedeschi.csv,22530
v.bedeschi.csv,22535
v.bedeschi.csv,22676
v.bedeschi.csv,22681
v.bedeschi.csv,22820
v.bedeschi.csv,22824
v.bedeschi.csv,23012
v.bedeschi.csv,23015
v.bedeschi.csv,23050
v.bedeschi.csv,23052
v.bedeschi.csv,23054
v.bedeschi.csv,23086
v.bedeschi.csv,23265
v.bedeschi.csv,23269
v.bedeschi.csv,23409
v.bedeschi.csv,23411
v.bedeschi.csv,23548
v.bedeschi.csv,23550
v.bedeschi.csv,23633
v.bedeschi.csv,23651
v.bedeschi.csv,23653
v.bedeschi.csv,23782
v.bedeschi.csv,23783
v.bedeschi.csv,23823
v.bedeschi.csv,23824
v.bedeschi.csv,23826
v.bedeschi.csv,23848
v.bedeschi.csv,24461
v.bedeschi.csv,24465
v.bedeschi.csv,24616
v.bedeschi.csv,24617
v.bedeschi.csv,24645
v.bedeschi.csv,24646
v.bedeschi.csv,24658
v.bedeschi.csv,24680
v.bedeschi.csv,24866
v.bedeschi.csv,24869
v.bedeschi.csv,24919
v.bedeschi.csv,24962
v.bedeschi.csv,25002
v.bedeschi.csv,25159
v.bedeschi.csv,25164
v.bedeschi.csv,25170
v.bedeschi.csv,25176
v.bedeschi.csv,25209
v.bedeschi.csv,25213
v.bedeschi.csv,25415
v.bedeschi.csv,25594
v.bedeschi.csv,25595
v.bedeschi.csv,25613
v.bedeschi.csv,25616
v.bedeschi.csv,25623
v.bedeschi.csv,25643
v.bedeschi.csv,25794
v.bedeschi.csv,25796
v.bedeschi.csv,25961
v.bedeschi.csv,25963
v.bedeschi.csv,26155
v.bedeschi.csv,26157
v.bedeschi.csv,26311
v.bedeschi.csv,26314
v.bedeschi.csv,26427
v.bedeschi.csv,26429
v.bedeschi.csv,26481
v.bedeschi.csv,26482
v.bedeschi.csv,26490
v.bedeschi.csv,26519
v.bedeschi.csv,26689
v.bedeschi.csv,26690
v.bedeschi.csv,26835
v.bedeschi.csv,26838
v.bedeschi.csv,26980
v.bedeschi.csv,26981
v.bedeschi.csv,27200
v.bedeschi.csv,27203
v.bedeschi.csv,27366
v.bedeschi.csv,27368
v.bedeschi.csv,27394
v.bedeschi.csv,27399
v.bedeschi.csv,27405
v.bedeschi.csv,27421
v.bedeschi.csv,27530
v.bedeschi.csv,27532
v.bedeschi.csv,27683
v.bedeschi.csv,27721
v.bedeschi.csv,27725
v.bedeschi.csv,27900
v.bedeschi.csv,27901
v.bedeschi.csv,28042
v.bedeschi.csv,28044
v.bedeschi.csv,28208
v.bedeschi.csv,28210
v.bedeschi.csv,28240
v.bedeschi.csv,28241
v.bedeschi.csv,28259
v.bedeschi.csv,28284
v.bedeschi.csv,28449
v.bedeschi.csv,28450
v.bedeschi.csv,28612
v.bedeschi.csv,28617
v.bedeschi.csv,28831
v.bedeschi.csv,28832
v.bedeschi.csv,28959
v.bedeschi.csv,28963
v.bedeschi.csv,29110
v.bedeschi.csv,29114
v.bedeschi.csv,29137
v.bedeschi.csv,29138
v.bedeschi.csv,29147
v.bedeschi.csv,29164
v.bedeschi.csv,29288
v.bedeschi.csv,29289
v.bedeschi.csv,29461
v.bedeschi.csv,29464
v.bedeschi.csv,29609
v.bedeschi.csv,29611
v.bedeschi.csv,29724
v.bedeschi.csv,29725
v.bedeschi.csv,29847
v.bedeschi.csv,29850
v.bedeschi.csv,29863
v.bedeschi.csv,29864
v.bedeschi.csv,29873
v.bedeschi.csv,29884
v.bedeschi.csv,30010
v.bedeschi.csv,30013
v.bedeschi.csv,30134
v.bedeschi.csv,30137
v.bedeschi.csv,30158
v.bedeschi.csv,30159
v.bedeschi.csv,30316
v.bedeschi.csv,30317
v.bedeschi.csv,30489
v.bedeschi.csv,30494
v.bedeschi.csv,30622
v.bedeschi.csv,30623
v.bedeschi.csv,30635
v.bedeschi.csv,30636
v.bedeschi.csv,30640
v.bedeschi.csv,30653
v.bedeschi.csv,30772
v.bedeschi.csv,30776
v.bedeschi.csv,30919
v.bedeschi.csv,30923
v.bedeschi.csv,31064
v.bedeschi.csv,31069
v.bedeschi.csv,31234
v.bedeschi.csv,31238
v.bedeschi.csv,31305
v.bedeschi.csv,31306
v.bedeschi.csv,31309
v.bedeschi.csv,31324
v.bedeschi.csv,31328
v.bedeschi.csv,31343
v.bedeschi.csv,31346
v.bedeschi.csv,31355
v.bedeschi.csv,31356
v.bedeschi.csv,31381
v.bedeschi.csv,31392
v.bedeschi.csv,31425
v.bedeschi.csv,31603
v.bedeschi.csv,31604
v.bedeschi.csv,31795
v.bedeschi.csv,31797
v.bedeschi.csv,31814
v.bedeschi.csv,31815
v.bedeschi.csv,31943
v.bedeschi.csv,31946
v.bedeschi.csv,32138
v.bedeschi.csv,32145
v.bedeschi.csv,32272
v.bedeschi.csv,32274
v.bedeschi.csv,32294
v.bedeschi.csv,32297
v.bedeschi.csv,32305
v.bedeschi.csv,32328
v.bedeschi.csv,32440
v.bedeschi.csv,32442
v.bedeschi.csv,32587
v.bedeschi.csv,32590
v.bedeschi.csv,32748
v.bedeschi.csv,32752
v.bedeschi.csv,32890
v.bedeschi.csv,32893
v.bedeschi.csv,33014
v.bedeschi.csv,33016
v.bedeschi.csv,33047
v.bedeschi.csv,33048
v.bedeschi.csv,33051
v.bedeschi.csv,33056
v.bedeschi.csv,33074
v.bedeschi.csv,33202
v.bedeschi.csv,33205
v.bedeschi.csv,33318
v.bedeschi.csv,33334
v.bedeschi.csv,33365
v.bedeschi.csv,33372
v.bedeschi.csv,33375
v.bedeschi.csv,33501
v.bedeschi.csv,33503
v.bedeschi.csv,33535
v.bedeschi.csv,33618
v.bedeschi.csv,33620
v.bedeschi.csv,33628
v.bedeschi.csv,33629
v.bedeschi.csv,33630
v.bedeschi.csv,33631
v.bedeschi.csv,33635
v.bedeschi.csv,33636
v.bedeschi.csv,33659
v.bedeschi.csv,33664
v.bedeschi.csv,33796
v.bedeschi.csv,33840
v.bedeschi.csv,33842
v.bedeschi.csv,33848
v.bedeschi.csv,33867
v.bedeschi.csv,33974
v.bedeschi.csv,33977
v.bedeschi.csv,34086
v.bedeschi.csv,34088
v.bedeschi.csv,34269
v.bedeschi.csv,34271
v.bedeschi.csv,34415
v.bedeschi.csv,34418
v.bedeschi.csv,34508
v.bedeschi.csv,34511
v.bedeschi.csv,34537
v.bedeschi.csv,34538
v.bedeschi.csv,34540
v.bedeschi.csv,34552
v.bedeschi.csv,34654
v.bedeschi.csv,34655
v.bedeschi.csv,34769
v.bedeschi.csv,34770
v.bedeschi.csv,34857
v.bedeschi.csv,34859
v.bedeschi.csv,35031
v.bedeschi.csv,35032
v.bedeschi.csv,35102
v.bedeschi.csv,35103
v.bedeschi.csv,35120
v.bedeschi.csv,35121
v.bedeschi.csv,35133
v.bedeschi.csv,35162
v.bedeschi.csv,35207
v.bedeschi.csv,35208
v.bedeschi.csv,35291
v.bedeschi.csv,35294
v.bedeschi.csv,35337
v.bedeschi.csv,35340
v.bedeschi.csv,35418
v.bedeschi.csv,35422
v.bedeschi.csv,35485
v.bedeschi.csv,35486
v.bedeschi.csv,35499
v.bedeschi.csv,35501
v.bedeschi.csv,35539
v.bedeschi.csv,35552
v.bedeschi.csv,35678
v.bedeschi.csv,35681
v.bedeschi.csv,35787
v.bedeschi.csv,35788
v.bedeschi.csv,35944
v.bedeschi.csv,35948
v.bedeschi.csv,36063
v.bedeschi.csv,36065
v.bedeschi.csv,36178
v.bedeschi.csv,36180
v.bedeschi.csv,36217
v.bedeschi.csv,36219
v.bedeschi.csv,36224
v.bedeschi.csv,36240
v.bedeschi.csv,36339
v.bedeschi.csv,36341
v.bedeschi.csv,36509
v.bedeschi.csv,36513
v.bedeschi.csv,36677
v.bedeschi.csv,36682
v.bedeschi.csv,36819
v.bedeschi.csv,36820
v.bedeschi.csv,36954
v.bedeschi.csv,36955
v.bedeschi.csv,36980
v.bedeschi.csv,36982
v.bedeschi.csv,36998
v.bedeschi.csv,37020
v.bedeschi.csv,37181
v.bedeschi.csv,37183
v.bedeschi.csv,37319
v.bedeschi.csv,37320
v.bedeschi.csv,37427
v.bedeschi.csv,37430
v.bedeschi.csv,37557
v.bedeschi.csv,37560
v.bedeschi.csv,37705
v.bedeschi.csv,37706
v.bedeschi.csv,37741
v.bedeschi.csv,37742
v.bedeschi.csv,37744
v.bedeschi.csv,37764
v.bedeschi.csv,37842
v.bedeschi.csv,37844
v.bedeschi.csv,37989
v.bedeschi.csv,37991
v.bedeschi.csv,38107
v.bedeschi.csv,38108
v.bedeschi.csv,38259
v.bedeschi.csv,38260
v.bedeschi.csv,38354
v.bedeschi.csv,38355
v.bedeschi.csv,38386
v.bedeschi.csv,38389
v.bedeschi.csv,38396
v.bedeschi.csv,38419
v.bedeschi.csv,38503
v.bedeschi.csv,38660
v.bedeschi.csv,38769
v.bedeschi.csv,38908
v.bedeschi.csv,39014
v.bedeschi.csv,39040
v.bedeschi.csv,39048
v.bedeschi.csv,39188
v.bedeschi.csv,39294
v.bedeschi.csv,39419
v.bedeschi.csv,39550
v.bedeschi.csv,39654
v.bedeschi.csv,39656
v.bedeschi.csv,39688
v.bedeschi.csv,39705
v.bedeschi.csv,39882
v.bedeschi.csv,40067
v.bedeschi.csv,40268
v.bedeschi.csv,40413
v.bedeschi.csv,40505
v.bedeschi.csv,40533
v.bedeschi.csv,40542
v.bedeschi.csv,40663
v.bedeschi.csv,40783
v.bedeschi.csv,40930
v.bedeschi.csv,41086
v.bedeschi.csv,41185
v.bedeschi.csv,41220
v.bedeschi.csv,41229
v.bedeschi.csv,41389
v.bedeschi.csv,41522
v.bedeschi.csv,41648
v.bedeschi.csv,41774
v.bedeschi.csv,41887
v.bedeschi.csv,41921
v.bedeschi.csv,41931
v.bedeschi.csv,42119
v.bedeschi.csv,42273
v.bedeschi.csv,42380
v.bedeschi.csv,42497
v.bedeschi.csv,42571
v.bedeschi.csv,42588
v.bedeschi.csv,42599
v.bedeschi.csv,42676
v.bedeschi.csv,42759
v.bedeschi.csv,42873
v.bedeschi.csv,43003
v.bedeschi.csv,43106
v.bedeschi.csv,43130
v.bedeschi.csv,43142
v.bedeschi.csv,43307
v.bedeschi.csv,43438
v.bedeschi.csv,43572
v.bedeschi.csv,43743
v.bedeschi.csv,43833
v.bedeschi.csv,43849
v.bedeschi.csv,43862
v.bedeschi.csv,43965
v.bedeschi.csv,44085
v.bedeschi.csv,44210
v.bedeschi.csv,44327
v.bedeschi.csv,44446
v.bedeschi.csv,44467
v.bedeschi.csv,44475
v.bedeschi.csv,44601
v.bedeschi.csv,44760
v.bedeschi.csv,44895
v.bedeschi.csv,45026
v.bedeschi.csv,45166
v.bedeschi.csv,45185
v.bedeschi.csv,45191
v.bedeschi.csv,45294
v.bedeschi.csv,45505
v.bedeschi.csv,45668
v.bedeschi.csv,45803
v.bedeschi.csv,45811
v.bedeschi.csv,45818
v.bedeschi.csv,45881
v.bedeschi.csv,45931
v.bedeschi.csv,45932
v.bedeschi.csv,45933
v.bedeschi.csv,46023
v.bedeschi.csv,46026
v.bedeschi.csv,46160
v.bedeschi.csv,46304
v.bedeschi.csv,46327
v.bedeschi.csv,46352
v.bedeschi.csv,46360
v.bedeschi.csv,46451
v.bedeschi.csv,46524
v.bedeschi.csv,46641
v.bedeschi.csv,46759
v.bedeschi.csv,46898
v.bedeschi.csv,46918
v.bedeschi.csv,46922
v.bedeschi.csv,47148
v.bedeschi.csv,47227
v.bedeschi.csv,47294
v.bedeschi.csv,47314
v.bedeschi.csv,47318
v.bedeschi.csv,47338
v.bedeschi.csv,47428
v.bedeschi.csv,47440
v.bedeschi.csv,47446
v.bedeschi.csv,47524
v.bedeschi.csv,47538
v.bedeschi.csv,47564
v.bedeschi.csv,47685
v.bedeschi.csv,47687
v.bedeschi.csv,47691
v.bedeschi.csv,47722
v.bedeschi.csv,47848
v.bedeschi.csv,48017
v.bedeschi.csv,48159
v.bedeschi.csv,48175
v.bedeschi.csv,48180
v.bedeschi.csv,48311
v.bedeschi.csv,48455
v.bedeschi.csv,48557
v.bedeschi.csv,48680
v.bedeschi.csv,48791
v.bedeschi.csv,48829
v.bedeschi.csv,48837
v.bedeschi.csv,49173
v.bedeschi.csv,49319
v.bedeschi.csv,49462
v.bedeschi.csv,49592
v.bedeschi.csv,49615
v.bedeschi.csv,49634
v.bedeschi.csv,49840
v.bedeschi.csv,50153
v.bedeschi.csv,50286
v.bedeschi.csv,50307
v.bedeschi.csv,50496
v.bedeschi.csv,50628
v.bedeschi.csv,50750
v.bedeschi.csv,51086
v.bedeschi.csv,51094
v.bedeschi.csv,51270
v.bedeschi.csv,51397
v.bedeschi.csv,51421
v.bedeschi.csv,51571
v.bedeschi.csv,51768
v.bedeschi.csv,51989
v.bedeschi.csv,52001
v.bedeschi.csv,52005
v.bedeschi.csv,52031
v.bedeschi.csv,52041
v.bedeschi.csv,52042
v.bedeschi.csv,52043
v.bedeschi.csv,52045
v.bedeschi.csv,52200
v.bedeschi.csv,52201
v.bedeschi.csv,52364
v.bedeschi.csv,52365
v.bedeschi.csv,52382
v.bedeschi.csv,52513
v.bedeschi.csv,52535
v.bedeschi.csv,52537
v.bedeschi.csv,52538
v.bedeschi.csv,52725
v.bedeschi.csv,52812
v.bedeschi.csv,52820
v.bedeschi.csv,52821
v.bedeschi.csv,52823
v.bedeschi.csv,52825
v.bedeschi.csv,52956
v.bedeschi.csv,53118
v.bedeschi.csv,53298
v.bedeschi.csv,53481
v.bedeschi.csv,53635
v.bedeschi.csv,53651
v.bedeschi.csv,53871
v.bedeschi.csv,54026
v.bedeschi.csv,54028
v.bedeschi.csv,54053
v.bedeschi.csv,54061
v.bedeschi.csv,54135
v.bedeschi.csv,54154
v.bedeschi.csv,54165
v.bedeschi.csv,54169
v.bedeschi.csv,54171
v.bedeschi.csv,54178
v.bedeschi.csv,54205
v.bedeschi.csv,54389
v.bedeschi.csv,54547
v.bedeschi.csv,54549
v.bedeschi.csv,54550
v.bedeschi.csv,54556
v.bedeschi.csv,54559
v.bedeschi.csv,54765
v.bedeschi.csv,54801
v.bedeschi.csv,55000
v.bedeschi.csv,55185
v.bedeschi.csv,55383
v.bedeschi.csv,55583
v.bedeschi.csv,55601
v.bedeschi.csv,55811
v.bedeschi.csv,55993
v.bedeschi.csv,56213
v.bedeschi.csv,56441
v.bedeschi.csv,56716
v.bedeschi.csv,56730
v.bedeschi.csv,56968
v.bedeschi.csv,57130
v.bedeschi.csv,57131
v.bedeschi.csv,57152
v.bedeschi.csv,57160
v.bedeschi.csv,57315
v.bedeschi.csv,57506
v.bedeschi.csv,57664
v.bedeschi.csv,57681
v.bedeschi.csv,58002
v.bedeschi.csv,58234
v.bedeschi.csv,58414
v.bedeschi.csv,58638
v.bedeschi.csv,58721
v.bedeschi.csv,58753
v.bedeschi.csv,58896
v.bedeschi.csv,59072
v.bedeschi.csv,59117
v.bedeschi.csv,59192
v.bedeschi.csv,59302
v.bedeschi.csv,59320
v.bedeschi.csv,59518
v.bedeschi.csv,59539
v.bedeschi.csv,59558
v.bedeschi.csv,59559
v.bedeschi.csv,59562
v.bedeschi.csv,59563
v.bedeschi.csv,59571
v.bedeschi.csv,59578
v.bedeschi.csv,59679
v.bedeschi.csv,59814
v.bedeschi.csv,59827
v.bedeschi.csv,60028
v.bedeschi.csv,60194
v.bedeschi.csv,60333
v.bedeschi.csv,60569
v.bedeschi.csv,60749
v.bedeschi.csv,60780
v.bedeschi.csv,60954
v.bedeschi.csv,60967
v.bedeschi.csv,61157
v.bedeschi.csv,61293
v.bedeschi.csv,61452
v.bedeschi.csv,61570
v.bedeschi.csv,61577
v.bedeschi.csv,61771
v.bedeschi.csv,61969
v.bedeschi.csv,62218
v.bedeschi.csv,62454
v.bedeschi.csv,62648
v.bedeschi.csv,62663
v.bedeschi.csv,62841
v.bedeschi.csv,63057
v.bedeschi.csv,63228
v.bedeschi.csv,63441
v.bedeschi.csv,63614
v.bedeschi.csv,63639
v.bedeschi.csv,63647
v.bedeschi.csv,63837
v.bedeschi.csv,63995
v.bedeschi.csv,64183
v.bedeschi.csv,64311
v.bedeschi.csv,64471
v.bedeschi.csv,64492
v.bedeschi.csv,64689
v.bedeschi.csv,64834
v.bedeschi.csv,65017
v.bedeschi.csv,65184
v.bedeschi.csv,65315
v.bedeschi.csv,65321
v.bedeschi.csv,65551
v.bedeschi.csv,65759
v.bedeschi.csv,65956
v.bedeschi.csv,66131
v.bedeschi.csv,66311
v.bedeschi.csv,66319
v.bedeschi.csv,66332
v.bedeschi.csv,66460
v.bedeschi.csv,66518
v.bedeschi.csv,66548
v.bedeschi.csv,66549
v.bedeschi.csv,66613
v.bedeschi.csv,66689
v.bedeschi.csv,66690
v.bedeschi.csv,66728
v.bedeschi.csv,66729
v.bedeschi.csv,66732
v.bedeschi.csv,66797
v.bedeschi.csv,66807
v.bedeschi.csv,66942
v.bedeschi.csv,66961
v.bedeschi.csv,66995
v.bedeschi.csv,67114
v.bedeschi.csv,67151
v.bedeschi.csv,67153
v.bedeschi.csv,67164
v.bedeschi.csv,67177
v.bedeschi.csv,67184
v.bedeschi.csv,67185
v.bedeschi.csv,67439
v.bedeschi.csv,67440
v.bedeschi.csv,67795
v.bedeschi.csv,68072
v.bedeschi.csv,68073
v.bedeschi.csv,68074
v.bedeschi.csv,68075
v.bedeschi.csv,68079
v.bedeschi.csv,68082
v.bedeschi.csv,68181
v.bedeschi.csv,68183
v.bedeschi.csv,68217
v.bedeschi.csv,68218
v.bedeschi.csv,68454
v.bedeschi.csv,68564
v.bedeschi.csv,68667
v.bedeschi.csv,68676
v.bedeschi.csv,68711
v.bedeschi.csv,68805
v.bedeschi.csv,68808
v.bedeschi.csv,68811
v.bedeschi.csv,68816
v.bedeschi.csv,68821
v.bedeschi.csv,68822
v.bedeschi.csv,68917
v.bedeschi.csv,69036
v.bedeschi.csv,69203
v.bedeschi.csv,69374
v.bedeschi.csv,69395
v.bedeschi.csv,69436
v.bedeschi.csv,69540
v.bedeschi.csv,69544
v.bedeschi.csv,69566
v.bedeschi.csv,69574
v.bedeschi.csv,69710
v.bedeschi.csv,69731
v.bedeschi.csv,69758
v.bedeschi.csv,70002
v.bedeschi.csv,70146
v.bedeschi.csv,70163
v.bedeschi.csv,70207
v.bedeschi.csv,70259
v.bedeschi.csv,70372
v.bedeschi.csv,70394
v.bedeschi.csv,70409
v.bedeschi.csv,70412
v.bedeschi.csv,70443
v.bedeschi.csv,70589
v.bedeschi.csv,70662
v.bedeschi.csv,77398
v.bedeschi.csv,77400
v.bedeschi.csv,77653
v.bedeschi.csv,77767
v.bedeschi.csv,78306
v.bedeschi.csv,78307
v.bedeschi.csv,78335
v.bedeschi.csv,78344
v.bedeschi.csv,78345
v.bedeschi.csv,78346
v.bedeschi.csv,78347
v.bedeschi.csv,78348
v.bedeschi.csv,78349
v.bedeschi.csv,78350
v.bedeschi.csv,78351
v.bedeschi.csv,78352
v.bedeschi.csv,78353
v.bedeschi.csv,78354
v.bedeschi.csv,78355
v.bedeschi.csv,78356
v.bedeschi.csv,78357
v.bedeschi.csv,78358
v.bedeschi.csv,78359
v.bedeschi.csv,78360
v.bedeschi.csv,78361
v.bedeschi.csv,78362
v.bedeschi.csv,78363
v.bedeschi.csv,78458
v.bedeschi.csv,79195
v.bedeschi.csv,79196
v.bedeschi.csv,79197
v.bedeschi.csv,79198
v.bedeschi.csv,79199
v.bedeschi.csv,79200
v.bedeschi.csv,79201
v.bedeschi.csv,79202
v.bedeschi.csv,79203
v.bedeschi.csv,79204
v.bedeschi.csv,79205
v.bedeschi.csv,79206
v.bedeschi.csv,79207
v.bedeschi.csv,79208
v.bedeschi.csv,79209
v.bedeschi.csv,79210
v.bedeschi.csv,79211
v.bedeschi.csv,79212
v.bedeschi.csv,79213
v.bedeschi.csv,79214
v.bedeschi.csv,79215
v.bedeschi.csv,79216
v.bedeschi.csv,79217
v.bedeschi.csv,79218
v.bedeschi.csv,79219
v.bedeschi.csv,79220
v.bedeschi.csv,79221
v.bedeschi.csv,79222
v.bedeschi.csv,79223
v.bedeschi.csv,79224
v.bedeschi.csv,79225
v.bedeschi.csv,79226
v.bedeschi.csv,79227
v.bedeschi.csv,79228
v.bedeschi.csv,79229
v.bedeschi.csv,79230
v.bedeschi.csv,79231
v.bedeschi.csv,79232
v.bedeschi.csv,79233
v.bedeschi.csv,79234
v.bedeschi.csv,79235
v.bedeschi.csv,79236
v.bedeschi.csv,79237
v.bedeschi.csv,79238
v.bedeschi.csv,79239
v.bedeschi.csv,79240
v.bedeschi.csv,79241
v.bedeschi.csv,79242
v.bedeschi.csv,79243
v.bedeschi.csv,79244
v.bedeschi.csv,79245
v.bedeschi.csv,79246
v.bedeschi.csv,79247
v.bedeschi.csv,79248
v.bedeschi.csv,79249
v.bedeschi.csv,79250
v.bedeschi.csv,79251
v.bedeschi.csv,79252
v.bedeschi.csv,79253
v.bedeschi.csv,79254
v.bedeschi.csv,79255
v.bedeschi.csv,79256
v.bedeschi.csv,79257
v.bedeschi.csv,79258
v.bedeschi.csv,79263
v.bedeschi.csv,79286
v.bedeschi.csv,79288
v.bedeschi.csv,79290
v.bedeschi.csv,79291
v.bedeschi.csv,79294
v.bedeschi.csv,79295
v.bedeschi.csv,79296
v.bedeschi.csv,79298
v.bedeschi.csv,79299
v.bedeschi.csv,79300
v.bedeschi.csv,79301
v.bedeschi.csv,79302
v.bedeschi.csv,79303
v.bedeschi.csv,79304
v.bedeschi.csv,79306
v.bedeschi.csv,79307
v.bedeschi.csv,79308
v.bedeschi.csv,79309
v.bedeschi.csv,79310
v.bedeschi.csv,79311
v.bedeschi.csv,79312
v.bedeschi.csv,79321
v.bedeschi.csv,79322
v.bedeschi.csv,79323
v.bedeschi.csv,79324
v.bedeschi.csv,79325
v.bedeschi.csv,79326
v.bedeschi.csv,79327
v.bedeschi.csv,79328
v.bedeschi.csv,79330
v.bedeschi.csv,79331
v.bedeschi.csv,79332
v.bedeschi.csv,79333
v.bedeschi.csv,79334
v.bedeschi.csv,79335
v.bedeschi.csv,79336
v.bedeschi.csv,79337
v.bedeschi.csv,79338
v.bedeschi.csv,79339
v.bedeschi.csv,79340
v.bedeschi.csv,79342
v.bedeschi.csv,79343
v.bedeschi.csv,79344
v.bedeschi.csv,79345
v.bedeschi.csv,79346
v.bedeschi.csv,79347
v.bedeschi.csv,79348
v.bedeschi.csv,79350
v.bedeschi.csv,79351
v.bedeschi.csv,79352
v.bedeschi.csv,79353
v.bedeschi.csv,79354
v.bedeschi.csv,79355
v.bedeschi.csv,79356
v.bedeschi.csv,79357
v.bedeschi.csv,79358
v.bedeschi.csv,79359
v.bedeschi.csv,79360
v.bedeschi.csv,79361
v.bedeschi.csv,79362
v.bedeschi.csv,79363
v.bedeschi.csv,79364
v.bedeschi.csv,79365
v.bedeschi.csv,79367
v.bedeschi.csv,79368
v.bedeschi.csv,79369
v.bedeschi.csv,79370
v.bedeschi.csv,79371
v.bedeschi.csv,79373
v.bedeschi.csv,79374
v.bedeschi.csv,79375
v.bedeschi.csv,79376
v.bedeschi.csv,79377
v.bedeschi.csv,79378
v.bedeschi.csv,79379
v.bedeschi.csv,79381
v.bedeschi.csv,79383
v.bedeschi.csv,79384
v.bedeschi.csv,79385
v.bedeschi.csv,79386
v.bedeschi.csv,79387
v.bedeschi.csv,79388
v.bedeschi.csv,79389
v.bedeschi.csv,79391
